depth,AC,DC
0.01,0.9675854357110553,0.8549924842461416
0.02,0.9688234772640503,0.8810826370434623
0.03,0.9711853078913548,0.9909563896000636
0.04,0.9562274036612328,1.0369175960167316
0.05,0.9196523330809716,1.106153886828936
0.06,0.8833218200344971,1.0940214421340329
0.07,0.8999646797205226,1.0445561998506623
0.08,0.8969419637531842,1.0020873507353503
0.09,0.8625249182249971,0.9601486754450062
0.1,0.8853283016183725,0.9307038910150401
0.11,0.8886495526656422,0.8868984551179405
0.12,0.8670310306956178,0.852857400734439
0.13,0.8780140583542718,0.8978286240977592
0.14,0.8982677911951064,0.9087779477412459
0.15,0.8929549346287283,0.8871973902105845
0.16,0.8974366354055735,0.8623705767068282
0.17,0.9327761421875089,0.8811637485744689
0.18,0.9407588798895536,0.9089967691539349
0.19,0.9154747008190419,0.90020893034482
0.2,0.9091304244102798,0.9252398393087843
0.21,0.9035605562683092,0.9810068773093501
0.22,0.8857425726594219,0.9680798323303161
0.23,0.8844224091540671,0.9299310459296607
0.24,0.9028557469575279,0.9216306955838214
0.25,0.906565641091934,0.8848040041046827
0.26,0.9132911872007777,0.832349276159809
0.27,0.8647412166230339,0.8861541201975912
0.28,0.8707094100607972,0.9132874025051618
0.29,0.8873910707086341,0.8894397147348366
0.3,0.9085035475460099,0.8145079437169411
0.31,0.9332845624748765,0.8613933867746123
0.32,0.9611329838232623,0.8942309112215248
0.33,1.0161109748392332,0.9527242721367792
0.34,1.0233600862782932,0.9727886446261547
0.35,1.0575010591051335,1.043774693703337
0.36,1.0700086131084467,1.1023061461261545
0.37,1.1010473552766913,1.1006298622148154
0.38,1.0939291786350762,1.1045298730926467
0.39,1.0901170747698021,1.1347064238274351
0.4,1.0634242189756427,1.2057525268098472
0.41,1.0468368037686442,1.1339524807743193
0.42,1.0527387863486235,1.1280475466853717
0.43,1.0446057748376527,1.1146293531722928
0.44,1.0681439401495438,1.1285845840775615
0.45,1.0888949018365977,1.1245211395273367
0.46,1.1083428488272895,1.13819403132676
0.47,1.0932518431088734,1.0973496377995462
0.48,1.1106792039512383,1.1428913105732226
0.49,1.1368806709261947,1.0572791277018485
0.5,1.1403687485087302,1.0304087731025842
0.51,1.1403019905525016,1.0503746096779683
0.52,1.0773785860436451,1.1267519203434535
0.53,1.0785381335606343,1.1499906882693323
0.54,1.0689747491123878,1.075289066540406
0.55,1.0800670502931788,1.096787575622913
0.56,1.080762687794435,1.0864400133392589
0.57,1.1149933507377499,1.1167372742339952
0.58,1.1242568273712117,1.1547522883113213
0.59,1.1591635630204038,1.106904111734555
0.6,1.2001702432722268,1.0946676718489732
0.61,1.1854201243830378,1.1812472492497665
0.62,1.196143794060238,1.1786904594558938
0.63,1.2340460868390588,1.2216622347396067
0.64,1.2559296334993688,1.263312055126166
0.65,1.2273411585176397,1.2668757580973324
0.66,1.1779282193141023,1.2202148184378
0.67,1.1953583855040313,1.1913272044317522
0.68,1.113088575560055,1.1886810614492767
0.69,1.1078309710651906,1.0914840069858616
0.7,1.0967835381052924,1.0755318879948361
0.71,1.160937064374783,1.005964897229239
0.72,1.1301406799167475,0.9330582978243556
0.73,0.3304512962109689,1.0373810466192068
0.74,-0.018993932050290978,0.9627353841715791
0.75,-0.010125472108610332,0.9873722590065309
0.76,,
0.77,,
0.78,,
0.79,,
0.8,1.5102011497912484,1.8001879581041536
0.81,1.4409630449418929,1.6818501586125405
0.82,1.3909120326081386,1.6815109214423591
0.83,1.3308229015176603,1.678528869874966
0.84,1.3323922192068327,1.6571952467395776
0.85,1.2883261473009382,1.6419011182301737
0.86,1.2498140174969312,1.6236755135915737
0.87,1.2457657589755418,1.644281906950824
0.88,1.2136391296548479,1.6587675281004999
0.89,1.2101770779453838,1.6156516062787176
0.9,1.1969858020133826,1.5829889206616912
0.91,1.1532778104779466,1.5308051873230584
0.92,1.1731857260387801,1.5057538518479798
0.93,1.1719655602260381,1.500728398998013
0.94,1.180081275165518,1.4868276372605376
0.95,1.1644877498627122,1.4706004311786476
0.96,1.1355932043696848,1.5109790279899433
0.97,1.1405260389019292,1.4497960716038323
0.98,1.1413100693880947,1.4892247221445412
0.99,1.148320197184089,1.5143512764260598
1.0,1.136819071170435,1.4478670700023855
1.01,1.0953592721556562,1.4042181213195402
1.02,1.1012451437325605,1.3900718371463345
1.03,1.095323833384051,1.355971455682593
1.04,1.0885594862578,1.3498734959300411
1.05,1.080944095917669,1.2882748048567878
1.06,1.0639701018291245,1.3085839970436488
1.07,1.0700259043645979,1.3195531512606231
1.08,1.0414352635912532,1.28182904731513
1.09,1.0658281738699367,1.2300807761016233
1.1,1.0826759426879786,1.2763853711647375
1.11,1.0832641715459408,1.3405324649020687
1.12,1.073372869522476,1.343845992909765
1.13,1.1091465238804956,1.3442667741093928
1.14,1.1432942132139599,1.4102731855843258
1.15,1.1359384948567155,1.4289198462246304
1.16,1.1360241981249715,1.4776563021065283
1.17,1.1656480588531246,1.4940849657174744
1.18,1.196998304387695,1.5434963980330956
1.19,1.1876465373082876,1.5568765955889097
1.2,1.1634801096561265,1.519275279117478
1.21,1.1577019149371246,1.5026328977719072
1.22,1.1502334788443276,1.4621336078783693
1.23,1.1570825376755811,1.4261810229428318
1.24,1.1509523141970839,1.448965800088144
1.25,1.1143778410551861,1.396084522360609
1.26,1.1035866515368207,1.3427665608512527
1.27,1.0970694896628903,1.2284070001796703
1.28,1.0323288936596924,1.2525131990693332
1.29,0.9452535741222065,1.223009708004011
1.3,0.9567895174399328,1.0885493878676655
1.31,0.9478631047353077,0.9956819271618339
1.32,0.9484921429312979,0.8423583086583527
1.33,0.9518042545412555,0.7648439516555146
1.34,0.9260999299082008,0.731394830019995
1.35,0.8536032748099738,0.656022080696278
1.36,0.8242969678412904,0.5877950200383064
1.37,0.8076313816882787,0.6253884458366102
1.38,0.7864615942201196,0.6038074595609966
1.39,0.777863197815112,0.5872693896166132
1.4,0.7762383589066575,0.5517296737704157
1.41,0.7694738385417847,0.5320478978931766
1.42,0.7655387290425494,0.5057764053487313
1.43,0.773986217923708,0.46697920085172134
1.44,0.7731459393387348,0.4392654719629062
1.45,0.7615242092559299,0.415733632074079
1.46,0.7573647743356737,0.38430184038105597
1.47,0.7436296550226181,0.34996611938151495
1.48,0.7549475277034747,0.3254688817906085
1.49,0.7455890382071763,0.2986432976923838
1.5,0.7441035168072974,0.30242965715312115
1.51,0.7441555082412369,0.3127097329213698
1.52,0.7496599992618457,0.2882618842154421
1.53,0.7368084067155277,0.2832377899618908
1.54,0.7299279950325869,0.30366773065325214
1.55,0.7185793445147755,0.28046801280853584
1.56,0.7032124272172977,0.2788252707288712
1.57,0.6985252862336381,0.2787202873668445
1.58,0.6968607171661099,0.287891098473024
1.59,0.7614574859645471,0.3118222837066649
1.6,0.769627297187421,0.2824892130327
1.61,0.760087217174431,0.25416658361103445
1.62,0.7448814731074296,0.22732604418443167
1.63,0.7508642959425715,0.22859957904572176
1.64,0.7415472159069899,0.220263459610318
1.65,0.7863497084679739,0.2030785421178252
1.66,0.7991196368481536,0.19313960290570875
1.67,0.8097673485496731,0.19187587168636347
1.68,0.8077169700015193,0.17083236324636256
1.69,0.7916635535561558,0.1765524708557653
1.7,0.8126247441646901,0.16371589098172057
1.71,0.8112673484639846,0.16151323547512106
1.72,0.8198570320228047,0.16166376028090623
1.73,0.822625412133706,0.1758420126458508
1.74,0.8138364363712852,0.15461431520854826
1.75,0.8449548343621427,0.185506514534238
1.76,0.867359924867196,0.17851180854912815
1.77,0.9091664930934859,0.18157351727220353
1.78,0.8727179188856138,0.1506032733001687
1.79,0.9175580585268938,0.15665160811893478
1.8,1.0019640848763873,0.13787100524559975
1.81,1.0310025924872763,0.12390438519190847
1.82,1.0502814025117626,0.12036395946358364
1.83,0.9389866684765555,0.14525710976570388
1.84,0.6611373733535215,0.13587023033907197
1.85,,
1.86,,
1.87,,
1.88,,
1.89,,
1.9,,
1.91,,
1.92,,
1.93,,
1.94,,
1.95,,
1.96,,
1.97,,
1.98,,
1.99,,
2.0,,
2.01,,
2.02,,
2.03,,
2.04,,
2.05,,
2.06,,
2.07,,
2.08,,
2.09,,
2.1,,
2.11,,
2.12,,
2.13,,
2.14,,
2.15,,
2.16,,
2.17,,
2.18,,
2.19,,
2.2,,
2.21,,
2.22,,
2.23,,
2.24,,
2.25,,
2.26,,
2.27,,
2.28,,
2.29,,
2.3,,
2.31,,
2.32,,
2.33,,
2.34,,
2.35,,
2.36,,
2.37,,
2.38,,
2.39,,
2.4,,
2.41,,
2.42,,
2.43,,
2.44,,
2.45,,
2.46,,
2.47,,
2.48,,
2.49,,
2.5,,
2.51,,
2.52,,
2.53,,
2.54,,
2.55,,
2.56,,
2.57,,
2.58,,
2.59,,
2.6,0.8634765259381636,0.1910685892147739
2.61,0.8250847513841137,0.23696455432731672
2.62,0.8057418319119206,0.26177151533963167
2.63,0.7917929104383903,0.2501123486750156
2.64,0.7915699217993344,0.24297042868038246
2.65,0.7982351973782659,0.2611805234652493
2.66,0.8006873111237718,0.2708137852281768
2.67,0.8002765540682809,0.3004961090663419
2.68,0.7984998314453582,0.3222772998791251
2.69,0.7918842907516156,0.3168814535844084
2.7,0.7852766165056537,0.33249776073221193
2.71,0.7900945581698544,0.33736175597137824
2.72,0.80379497714076,0.3729917136838504
2.73,0.8035530554544201,0.41857006441152483
2.74,0.8379803890144324,0.471648408591727
2.75,0.8581684051621945,0.5635970904281689
2.76,0.8751019847652592,0.6492170655559344
2.77,0.9052581825255704,0.7178837207981893
2.78,0.9311190864694487,0.8332089169753918
2.79,0.950789174901904,0.919974358703734
2.8,0.9815273507571486,0.9660237455004326
2.81,1.010213201532434,1.0206397095724078
2.82,1.022866549686463,1.0449243336015743
2.83,1.0173839860589116,1.1608395831334475
2.84,1.0809448429787774,1.2561996895637484
2.85,1.0871784366628399,1.3161664841764602
2.86,1.0927728382268065,1.3486385000040346
2.87,1.1573428984957776,1.4375073246672563
2.88,1.2089484673475266,1.4777098005302782
2.89,1.214301110030187,1.5298136956237236
2.9,1.2222515743495819,1.5524444297344389
2.91,1.2360016079202054,1.4879338853491002
2.92,1.24751430845726,1.5314528854971563
2.93,1.2516163042105581,1.5262534349023331
2.94,1.2312142539725854,1.5435834911214366
2.95,1.147066023404664,1.494490085593848
2.96,1.11244836783625,1.4100425101749363
2.97,1.1059787469836442,1.291781232410835
2.98,1.1116401414892276,1.2296404995739427
2.99,1.1029275072385578,1.205288190630295
3.0,1.1097758482279096,1.256195388333023
3.01,1.1084425129845386,1.2414026376405995
3.02,1.0959588958556379,1.2400774183717282
3.03,1.118731398731192,1.275303657491026
3.04,1.1222757963476933,1.2981015459254701
3.05,1.1179858576589168,1.3103833410345134
3.06,1.0944810719022475,1.2583185481465136
3.07,1.0832439172177297,1.2310133854016487
3.08,1.0886111089629218,1.208357297535618
3.09,1.0836036848591548,1.2104968147978337
3.1,1.0361729873304357,1.207098629389473
3.11,1.0190508080767553,1.1162072816082103
3.12,0.9670965306550561,1.0888056894081195
3.13,0.9176491448407043,1.0328478653322046
3.14,0.9217008985763763,1.0126682461729297
3.15,0.9088987686631205,1.0035148325086374
3.16,0.9031812754566613,1.0178442165022872
3.17,0.9095124931209453,1.032219792262025
3.18,0.9070477248874634,1.0538996008890014
3.19,0.9224220773012044,1.068309766421483
3.2,0.957527823565192,1.0939989481675012
3.21,0.9582385365896116,1.1703687591968028
3.22,0.9943662782572048,1.1753827617894448
3.23,1.0367405257067013,1.1692058864749217
3.24,1.0946097145750247,1.1960866421521652
3.25,1.1555915745154195,1.2155758529626675
3.26,1.19771201878476,1.2481812426312255
3.27,,
3.28,,0.8898789254617836
3.29,1.136301356376248,0.8813268978753229
3.3,1.0666176439462476,0.9017223692413403
3.31,1.021822299867323,0.9387272963926802
3.32,1.0186020858349218,0.9025754656033715
3.33,0.9948524242964332,0.925449967653089
3.34,0.9926041321502217,0.9452811056866963
3.35,0.9663317336563528,0.9688354055828463
3.36,0.9674135820104032,0.9729120611563167
3.37,0.9664851965184313,0.9547816741174527
3.38,0.9473667690580162,0.916208994252098
3.39,0.9484280901619687,0.9295269929204506
3.4,0.9483652776567558,0.9735659657613633
3.41,0.9632546250526415,1.003491704798571
3.42,0.9529570636951563,1.000554318793928
3.43,0.9588463972976776,1.0067548594356626
3.44,0.9576068866749334,0.9898532093780721
3.45,0.9722871864723299,1.002165667428029
3.46,0.9800229898185719,1.0377453718299636
3.47,0.9895619119938068,1.0254936819418388
3.48,0.990341670734888,1.0255686108897983
3.49,0.998324109929266,1.0151725151899886
3.5,0.9875604013157422,1.0513029578341548
3.51,0.976887100817385,1.0284598853764748
3.52,0.9701218281154637,1.0367805682971165
3.53,0.975898288335698,1.0239306466511593
3.54,0.9752802938292946,1.0238113457718465
3.55,0.9810587520544269,1.0378510026612782
3.56,0.9936827435447018,1.0514164566817767
3.57,1.0094798710937825,1.0805523021239782
3.58,1.0051323418416787,1.0561665501926736
3.59,1.0206619939967907,1.0770203276159391
3.6,1.0324507418816407,1.1202914746515145
3.61,1.0601055487260405,1.1435382443295965
3.62,1.0419906380082784,1.1053797853366625
3.63,0.9947249285361652,1.0874118860338984
3.64,0.9926379530822231,1.087178166487648
3.65,0.9740465342011619,1.021489320684729
3.66,0.9588887809060971,1.012565105125696
3.67,0.9851295594733208,1.0096549717929146
3.68,0.9931575589475784,1.0304502877568387
3.69,1.0040065995096763,1.0601883737037547
3.7,1.0200560586239331,1.0890028433661552
3.71,1.0264316270856801,1.0645396290576212
3.72,1.0331723138917959,1.0707435894474493
3.73,1.0377670677627855,1.0513531414751434
3.74,1.0493706341287683,1.080640209947275
3.75,1.0464575691344145,1.098666828984006
3.76,1.064853111594957,1.1230265065501226
3.77,1.0430360891498769,1.1069396372398232
3.78,1.0435132769753301,1.1045245416669194
3.79,1.0319116851750298,1.0856062313745123
3.8,1.0120700799696745,1.074911448350966
3.81,0.9936684836700063,1.0796179455530381
3.82,1.0004232571133693,1.0931851677612032
3.83,0.9943546765538964,1.0564319626157566
3.84,0.9700580423041666,1.0415251261789755
3.85,0.9619795599357652,1.0100760536749263
3.86,0.9438291444327744,0.9890453915093511
3.87,0.948706581429574,0.985922758016043
3.88,0.930689309068531,0.9850013246678638
3.89,0.9410040540621228,0.9919708023119558
3.9,0.9323055137023366,0.9775079199712856
3.91,0.9538351956696349,0.9949527999200203
3.92,0.984769476256858,1.0112512451249323
3.93,1.033625776211923,1.0841704454192727
3.94,1.081780379600965,1.1433520805217159
3.95,1.108907843998402,1.193854772914617
3.96,1.169790707742276,1.2472329154647892
3.97,1.1639348184327956,1.2928572558658449
3.98,1.2244955185194812,1.3472270286909445
3.99,1.2602298318285095,1.3849135794555432
4.0,1.283858969439756,1.4216619672569815
4.01,1.294848654901869,1.4043482908041398
4.02,1.2913994281898726,1.4077857447738396
4.03,1.2672565519997228,1.411532491360925
4.04,1.2622517116728673,1.3701282608841348
4.05,1.2225832089335416,1.3540974866690905
4.06,1.2070184199910183,1.3788112153118632
4.07,1.1910188810365387,1.3412676871830167
4.08,1.18468581042198,1.3526263716212035
4.09,1.1710813130615545,1.3072391754120554
4.1,1.1620460644799524,1.2719003753136042
4.11,1.139642099516695,1.272899605636211
4.12,1.151126383156957,1.2301794337247944
4.13,1.1422894917120148,1.2849532441962053
4.14,1.1127953702863815,1.2573469452038861
4.15,1.115263658165781,1.2562843498134262
4.16,1.0999339262930086,1.196409633452453
4.17,1.0612606128321882,1.1765693657980347
4.18,1.0357637613788604,1.1117800203853152
4.19,0.9995069935363907,1.0848411171363845
4.2,0.974813540018814,1.046496830228325
4.21,0.9485203828225349,0.9764307195266396
4.22,0.9199497809964575,0.9279822986199351
4.23,0.8987375709244378,0.8753513725908929
4.24,0.8467676170870664,0.8317024638438915
4.25,0.7700563397400311,0.7239006609267234
4.26,0.716932812577848,0.6146654944287504
4.27,0.690631109112769,0.4812561960107126
4.28,0.6723276504752475,0.38856757924329505
4.29,0.6713393367575639,0.3365569842371975
4.3,0.6799534872355414,0.3352224796989899
4.31,0.7023461903789767,0.40128985611620627
4.32,0.7118127454442637,0.49044627540623975
4.33,0.7059044367784078,0.5330220489592286
4.34,0.7254616494631067,0.5460086542105931
4.35,0.7283756736482369,0.5400815317223174
4.36,0.7384254843841964,0.5225554401870842
4.37,0.7548933632990467,0.44815349170496566
4.38,0.7959642641795235,0.36845997373012473
4.39,,0.3620483982828093
4.4,,
4.41,,
4.42,,
4.43,,
4.44,,
4.45,,
4.46,,
4.47,,
4.48,,
4.49,,
4.5,,
4.51,,
4.52,,
4.53,,
4.54,,
4.55,,
4.56,,
4.57,,
4.58,,
4.59,,
4.6,,
4.61,,
4.62,,
4.63,,
4.64,,
4.65,,
4.66,,
4.67,1.4874371108334645,1.3924653411911012
4.68,1.438462517721598,1.3945340690212142
4.69,1.434292174895818,1.4245003015720705
4.7,1.3696713899404065,1.4577419146219082
4.71,1.2816050169008582,1.4895742621384525
4.72,1.1333490392893781,1.3365445440661423
4.73,0.9907077916777499,1.0486999862762394
4.74,0.9301789875422442,0.8239012363579867
4.75,0.9173172952495652,0.7658676471013972
4.76,0.9196340681937953,0.7377105112116971
4.77,0.9092252261556106,0.788608273696555
4.78,0.9218232856101723,0.8334038473267307
4.79,0.9516190311750952,0.8806129742268627
4.8,0.9424202202809927,0.8097234890692122
4.81,0.9373271963866969,0.8390731525568508
4.82,0.934237534432594,0.8481565300548263
4.83,0.956218911035712,0.901155955384665
4.84,0.9541220813657438,0.9673406338135079
4.85,0.9552193685052879,0.9421738409355346
4.86,0.923351783732644,0.9126280379005846
4.87,0.8950983443104834,0.8264088889609842
4.88,0.87070040530578,0.7550123506887487
4.89,0.8502284223298182,0.6388406644487361
4.9,0.8398759647939362,0.6285502438259261
4.91,0.8258528886309268,0.5893006224611406
4.92,0.8204348826214661,0.5803255904524474
4.93,0.8207571345486455,0.6260666622342904
4.94,0.8134228409527514,0.6255482733995956
4.95,0.8204441674847838,0.6388357671775899
4.96,0.8192794960039166,0.6747954415405872
4.97,0.842796264470881,0.723174629413327
4.98,0.8501237828109209,0.7526691637444161
4.99,0.8590414401960331,0.8028981285456827
5.0,0.9133013899481623,0.9111246009259183
5.01,0.9501821398807431,1.0354069544896
5.02,0.9821875137660826,1.061824629576112
5.03,1.038682395119903,1.1462691024830034
5.04,1.053499634659727,1.1885647346389205
5.05,1.0503968434373705,1.224852736821752
5.06,1.0415279031580371,1.227895012090417
5.07,1.024251422740164,1.2212232944789643
5.08,1.0345243708064458,1.2385951244105955
5.09,1.0492981377892707,1.2346027610632693
5.1,1.0643145955684086,1.2489303003645598
5.11,1.0825422894619425,1.2917545429093533
5.12,1.1124831822837367,1.3394724357490202
5.13,1.1280061153885432,1.358068288115967
5.14,1.1300934214792167,1.3712372855406025
5.15,1.115077513549927,1.3395447191688445
5.16,1.1069052909321366,1.2984649987396915
5.17,1.1069392983355337,1.2916308275407542
5.18,1.0983466282231735,1.2989862255938573
5.19,1.083067892716839,1.2341819716395839
5.2,1.0702966894161068,1.199526099383712
5.21,1.0299021756064564,1.1692646155498412
5.22,0.9940069706974628,1.090164991016134
5.23,0.9353775153648046,0.912800123557399
5.24,0.9235567104263441,0.8453340767167782
5.25,0.9126940219205304,0.8220033173274044
5.26,0.9107218444910219,0.8240457034234993
5.27,0.9011684004956706,0.79585873018716
5.28,0.8917678319920087,0.7346080651815214
5.29,0.8766303247663721,0.7231638674316251
5.3,0.865941532500637,0.6407009274349094
5.31,0.8603274754657996,0.65099466087521
5.32,0.8661415380819208,0.6870964569936877
5.33,0.8895026499786667,0.84578457736405
5.34,0.9325120788579451,0.9307874983630103
5.35,0.9480166276233173,0.9960824069448826
5.36,0.949857887069208,1.0143707971237124
5.37,0.9403169983923569,1.0110075295902854
5.38,0.9272126439047391,0.9677400500329912
5.39,0.9027356025596998,0.9213463158132832
5.4,0.8675098434665618,0.8985669169848395
5.41,0.8624133076556645,0.8712723697045277
5.42,0.9290284987293994,0.9595725886665318
5.43,1.0540745813363155,1.0088759310347393
5.44,1.1120572170812222,1.1695708748863702
5.45,1.1572944060983037,1.2413396256305793
5.46,1.189260047546571,1.2281539088185445
5.47,1.1858837784883662,1.2013638261094164
5.48,1.1888753638935183,1.1966812724894227
5.49,1.1686968997806748,1.2148482179136664
5.5,1.1730240174774593,1.2124233440963992
5.51,1.1600575563713558,1.2754419439180869
5.52,1.146609271976534,1.2306375791649153
5.53,1.1101408804518447,1.1926026042319438
5.54,1.1056015200028253,1.2281696856634605
5.55,1.0793148193616926,1.1355025427869725
5.56,1.0829788318955078,1.2169361979911426
5.57,1.077594955668197,1.2099161316900433
5.58,1.0817484227546963,1.1421218611655708
5.59,1.0826708634192472,1.120936212030049
5.6,1.0501896917317786,1.0207968420435936
5.61,1.0434725549180452,0.90114513502885
5.62,1.057248720449465,0.7836438016582876
5.63,1.1172060891579847,0.7456604719626367
5.64,1.1843554395601164,0.7292532326537
5.65,,
5.66,,
5.67,,
5.68,,
5.69,,
5.7,,
5.71,,
5.72,,
5.73,0.8002417225774814,0.5210994029041954
5.74,0.7889908238599779,0.5046601159490609
5.75,0.7734903378422665,0.4904409809157593
5.76,0.7662411231131894,0.516648423854449
5.77,0.7565991526164958,0.5077838292593532
5.78,0.748378371104715,0.5230917871638148
5.79,0.7551688077064849,0.5507332773961986
5.8,0.7553002629379345,0.6072045046226087
5.81,0.751267506702994,0.6244219904363142
5.82,0.7641328947512114,0.6426835348774432
5.83,0.7669535970050869,0.6248364354783664
5.84,0.7610367160119971,0.6142656464937881
5.85,0.7590049085746984,0.587625237068371
5.86,0.7568246752770902,0.547391212641326
5.87,0.7428139444258113,0.4932547844401576
5.88,0.7375991406000157,0.49059673596869846
5.89,0.7487820683735718,0.4863415019220016
5.9,0.753700916012097,0.477384516134645
5.91,0.7490186678838054,0.5335100235431843
5.92,0.755875123365661,0.5953232406993865
5.93,0.7542125406092932,0.6136382583735275
5.94,0.7536879074395274,0.6322663964552226
5.95,0.7587853903680999,0.6316534359728613
5.96,0.7432415826348282,0.6763220193175363
5.97,0.7521179826697643,0.7882844842580136
5.98,0.7699152429929526,0.8663149678569646
5.99,0.809401732970997,0.8970090766808322
6.0,0.856547103912683,0.9402792405391417
6.01,0.8944240702457268,0.9739124156905173
6.02,0.9091895049476975,1.0084637748890886
6.03,0.9273173326548688,1.0153719581222582
6.04,0.8722601587817951,0.9824725589804628
6.05,0.8077391639985143,0.9000417206283751
6.06,0.7625014719632757,0.8705303600627499
6.07,0.6848020570248632,0.8169416741947508
6.08,0.6902149523761579,0.8542768378952804
6.09,0.7802990497486221,0.9258922056268469
6.1,0.9271393225881349,1.0268916604185294
6.11,1.0570041588616568,1.1486676673007568
6.12,1.1673274464441161,1.245552783252681
6.13,1.224367954397028,1.3162363416878409
6.14,1.2309171536315864,1.3101885267213587
6.15,1.2175205949161216,1.3205920449068551
6.16,1.197140212677278,1.328968625448297
6.17,1.1966039054463995,1.3134338818399063
6.18,1.1995469876013745,1.3320769668937635
6.19,1.1921419540743843,1.3105361485105038
6.2,1.1932996731803738,1.277914780274015
6.21,1.191736388324676,1.2948861279934418
6.22,1.1776405183685796,1.2924568523204771
6.23,1.1708424377140956,1.2548727586997872
6.24,1.1541252121797745,1.2327217120086265
6.25,1.147376815309452,1.2419796987245986
6.26,1.1459821778979968,1.2224804128530378
6.27,1.1465736268224713,1.244262427765856
6.28,1.133591822604632,1.252700546772865
6.29,1.1463718423152398,1.2889415924296177
6.3,1.158181859941358,1.2797525254623088
6.31,1.157555375034408,1.2961126440392208
6.32,1.1435077185805216,1.2940460859548277
6.33,1.1183224232647315,1.3001500442341363
6.34,1.1391172132913696,1.2873544690535543
6.35,1.137624676108315,1.2966250652043056
6.36,1.1396377407802647,1.3178514559583232
6.37,1.1504740892854108,1.291103696255451
6.38,1.1535837529665178,1.2962158012816012
6.39,1.1411318664099517,1.2631763040226336
6.4,1.1378497407318364,1.239197439933834
6.41,1.1298027849055743,1.2654615992347171
6.42,1.1299521995546722,1.2951568990079927
6.43,1.0906072568330685,1.1979776985697188
6.44,1.1135881070633444,1.214519049945928
6.45,1.1193899995381456,1.199036992667827
6.46,1.0962530544621012,1.2092756826041657
6.47,1.0977045575515274,1.1629759647374782
6.48,1.0935718019854732,1.140807041620239
6.49,1.0952418803870998,1.1604880704327323
6.5,1.0767185975421065,1.1196729066662412
6.51,1.0575215196057601,1.1257991118804447
6.52,1.0857154409423353,1.0894081981136514
6.53,1.1332181476898964,1.0934244898394003
6.54,1.183449018007918,1.09282301242308
6.55,1.1954662843533095,1.0600713148004033
6.56,1.2304601767255279,1.0671541558754318
6.57,1.2373194201984101,1.0673077131667008
6.58,1.2406983025376517,1.02883692947094
6.59,0.9917133577017155,0.6506209208471074
6.6,0.999710552969212,0.775353194186949
6.61,1.0045634307038154,0.6923542928725196
6.62,0.9533195873548986,0.7447580403616089
6.63,0.9982698110712003,0.7466043558733333
6.64,1.047215301028202,0.8464824603426747
6.65,1.1056998970851686,1.0092764265045189
6.66,1.1425847452085693,1.0070954262765612
6.67,1.1048946162095246,0.9796415775343594
6.68,1.0258454099580607,0.8747009647275911
6.69,0.8341601628334862,0.7229030486988627
6.7,0.6494794752304667,0.5701625411357994
6.71,0.6855817928912624,0.6297299740976674
6.72,0.7941264025273147,0.7645821803969954
6.73,0.8923908235462942,0.7670248625639573
6.74,0.9373053009901546,0.8837808250648589
6.75,0.9634587333430458,0.9664549040662432
6.76,0.9922905839697753,1.0096142884446877
6.77,1.0655039647212363,1.0331995289152887
6.78,1.135609715085927,1.1049262658537016
6.79,1.0603385747877638,1.0512459769658697
6.8,1.0174335503818719,1.0253358037442066
6.81,1.0058989822840687,1.0277076103584228
6.82,0.9955387232954847,1.0363550794381653
6.83,0.9849694937477931,1.0493861164606644
6.84,0.9818206819375586,1.0495523922452727
6.85,0.969931778033982,1.0238200897664673
6.86,0.9680020176715818,1.0110730822807605
6.87,0.9721067996212734,1.0154042277454776
6.88,0.9722373122874204,0.9929068852971054
6.89,0.974282917951873,1.0055179412767354
6.9,0.9785514863664989,1.0186983644420446
6.91,0.9853149158273459,0.9944052721288787
6.92,0.9842026066498877,1.00808403883569
6.93,0.9832270061770163,1.0106832462912174
6.94,0.993731588210282,1.0064093286143168
6.95,0.9690934652800727,1.0046444479472119
6.96,0.9456848460783862,0.9818969610696915
6.97,0.9557985881299098,0.9715022782993529
6.98,0.9589268457934993,0.9885415661139287
6.99,0.9838982280546145,0.9642860029341167
7.0,0.9767366456039956,0.9698086724894263
7.01,0.9686578120722534,0.9882083415849378
7.02,0.9730053603005482,1.0015543823597262
7.03,1.000076095415781,1.0017191377771444
7.04,1.0351725048191212,1.0481460170656198
7.05,1.0348649794170122,1.0509233231212898
7.06,0.9994319621890922,1.058862796774882
7.07,0.9574791670840551,0.99866379230423
7.08,0.9606467411537543,1.0075894427656338
7.09,1.0040673379480984,1.0036053285536635
7.1,1.0535514517641613,1.018115628825948
7.11,1.0295923470083141,0.9919363311877202
7.12,0.9184241263125619,0.944932037503982
7.13,0.8305731297811952,0.9473535058687106
7.14,0.8340233722231567,0.9747595617971828
7.15,0.908468018820626,0.982985190122533
7.16,0.9548691262909614,0.9842602878246107
7.17,0.9778804169250874,0.997576284596574
7.18,0.9752795975058149,1.0196384004117167
7.19,0.9366033640356238,0.974067472023914
7.2,0.897657689402102,0.9514120773862339
7.21,0.8766983545627862,0.9349819732895217
7.22,0.8615350201734633,0.9146772583416428
7.23,0.8606270380706605,0.9292846593964134
7.24,0.8636259697526883,0.9192450269925037
7.25,0.8592768322818702,0.8953279018889541
7.26,0.8691855469874804,0.8977708410576787
7.27,0.855878691772327,0.8922910995096194
7.28,0.8082591742030073,0.8829249183083673
7.29,0.82507810406768,0.9242787071134053
7.3,0.9109974718301633,0.9835858476566153
7.31,0.9850809160204815,1.0536045050890834
7.32,1.0550938499678,1.1038214658921266
7.33,1.0687963840453878,1.1323996412002935
7.34,1.1030322016107146,1.1670465268804466
7.35,1.1579115623528713,1.2062413175238058
7.36,1.1756919600097189,1.2012904756451832
7.37,1.1473968776822001,1.2119653776715007
7.38,1.1652243210665505,1.2036154561812802
7.39,1.165168937864752,1.193532200581991
7.4,1.1862461120331056,1.1988600840754189
7.41,1.1990064622149905,1.2074308668013052
7.42,1.2064571270694486,1.238266719977844
7.43,1.2002455107560288,1.210723826460317
7.44,1.1922578834773405,1.2012885853546327
7.45,1.1677859784597269,1.2270027474036778
7.46,1.1338769426400945,1.2029120954415948
7.47,1.132429174233812,1.2085842031211282
7.48,1.1221910113290265,1.1961069499079464
7.49,1.1302000976972202,1.19363778250142
7.5,1.1277004949626122,1.1701961663608307
7.51,1.1384680012649786,1.1875874439091505
7.52,1.1222900537976053,1.138930438910939
7.53,1.1437246208176244,1.1282927814866976
7.54,1.1516265341323708,1.142641032431278
7.55,1.176085756483043,1.1196232129012123
7.56,1.2017282656606745,1.0893701873678343
7.57,1.3154286401628654,1.2064930385287886
7.58,1.304492781200827,1.2567462137410248
7.59,1.315954106536215,1.282398577783224
7.6,1.3438344797760604,1.2469614039573675
7.61,1.31548928758968,1.300329394849517
7.62,1.3119331048058074,1.2844480481006781
7.63,1.3296362193732734,1.3001070361696363
7.64,1.3239095497289053,1.2748592952701616
7.65,1.3017304413936528,1.2892110334366913
7.66,1.268597495848484,1.2809603547037653
7.67,1.3379439768776402,1.3451202200971073
7.68,1.37179447244048,1.3810849566623662
7.69,1.4066560850963359,1.3470075267848114
7.7,1.413828020190653,1.4062958195230133
7.71,1.422424341967489,1.4133198434403966
7.72,1.4303273329651058,1.4206490073566396
7.73,1.4215547531918722,1.4206639615222187
7.74,1.4317506187809939,1.4398546950715723
7.75,1.4264459467612194,1.4008154176567742
7.76,1.422177846413858,1.399059205232793
7.77,1.4018720314687725,1.3939705212811813
7.78,1.3733997497076968,1.3809532618487954
7.79,1.3269195865285988,1.3744177164618006
7.8,1.2863681233868651,1.3594628524404748
7.81,1.257382820595064,1.3097063436753758
7.82,1.2283743478537321,1.2508362731902007
7.83,1.2010197431479628,1.2448234460615435
7.84,1.1923474428799854,1.247443600826247
7.85,1.1733688936338098,1.2505214664425384
7.86,1.1640686168074514,1.251519929402509
7.87,1.1587490635999695,1.2537176905103733
7.88,1.1539050601446397,1.253299482213311
7.89,1.1148603305094815,1.1928113617910612
7.9,1.0662864257914455,1.1397751175215185
7.91,1.0660056816069141,1.148868249284034
7.92,1.0093289263153804,1.1046525043251592
7.93,0.9748100958491156,1.0703090543431761
7.94,0.9109962181870207,0.9925591664867635
7.95,0.8273686103397908,0.8889336665452918
7.96,0.749538624502418,0.8054514187873638
7.97,0.6979245719295069,0.7180570960900665
7.98,0.6779272505817067,0.6737425178595788
7.99,0.6646345234010615,0.652280536625485
8.0,0.6725498726912439,0.6629959959580575
8.01,0.667391329373406,0.6464421831119664
8.02,0.6662098605194995,0.6360198630720882
8.03,0.6880300272653479,0.6727101607181705
8.04,0.6884407028975931,0.686667124835304
8.05,0.6817095355052818,0.676787788709158
8.06,0.6897755864791705,0.6781479877109582
8.07,0.6678724442946957,0.6551191918607129
8.08,0.6521297420941257,0.6076057460163122
8.09,0.6418468820131875,0.5757810434490463
8.1,0.6401136550500937,0.5866449015696791
8.11,0.6459615207146825,0.6052922602809796
8.12,0.6589275647750102,0.6434392143455593
8.13,0.6688668388721558,0.6827820364476752
8.14,0.7070284716690525,0.7211235112619998
8.15,0.7218049421253369,0.7652593184006133
8.16,0.7337977959135571,0.7924600812511532
8.17,0.7266454812220136,0.7509398620121147
8.18,0.725394131743235,0.7335586807205499
8.19,0.7178179780180529,0.7393304062450453
8.2,0.711989302880415,0.7241330094116818
8.21,0.7076918990972839,0.7315928443465873
8.22,0.7394975987132785,0.7378048977971344
8.23,0.7371945592709932,0.7398819545793963
8.24,0.7457625080672601,0.759603476567382
8.25,0.7424557144309978,0.7565204250275657
8.26,0.7853242171121596,0.7516811831691739
8.27,0.8132436485119465,0.7253514585785478
8.28,0.8570386037878265,0.7472746320416005
8.29,0.9046482127612476,0.7566779475456004
8.3,,
8.31,,
8.32,,
8.33,,
8.34,,
8.35,,
8.36,,
8.37,,
8.38,0.8287252577677758,0.38552075410917785
8.39,0.8028810950350931,0.5451077035200304
8.4,0.897243711710194,0.6740663204285888
8.41,0.9024618874251593,0.7578013268568982
8.42,0.8959464054688427,0.7576401098841413
8.43,0.8985022191015771,0.8060802479720814
8.44,0.8652616076209303,0.8539899933473105
8.45,0.8536741710823046,0.8017836366060238
8.46,0.8185960453903601,0.7533430411024011
8.47,0.812743969993635,0.6874582788622814
8.48,0.810242745523027,0.7073657125642013
8.49,0.8146263043831904,0.7464502848776235
8.5,0.8030476280528278,0.7186665709550234
8.51,0.8007709613008349,0.6828239899497391
8.52,0.7896706558179739,0.6732507648403034
8.53,0.7911339653053171,0.7166958503069519
8.54,0.7951302181904711,0.7242687100742945
8.55,0.7953781618263246,0.7363061798835554
8.56,0.796166440308352,0.7470626161259779
8.57,0.8028423702579907,0.760156322934261
8.58,0.8142742098633315,0.7465241879206906
8.59,0.8129890717315508,0.7466839716463589
8.6,0.7962882932195344,0.709739189651
8.61,0.810249381376988,0.7333172667705798
8.62,0.8092602545552622,0.7213405799999223
8.63,0.8178085407385602,0.7498649654317058
8.64,0.8371206443786243,0.78692118266793
8.65,0.8271732892476849,0.8109702276299287
8.66,0.8445266588071816,0.8477827941868943
8.67,0.8716599836927194,0.8732518324317853
8.68,0.882904849732465,0.916138556326743
8.69,0.8868182286403257,0.9141872223189623
8.7,0.8918510419194238,0.9049363923967966
8.71,0.8851814797485751,0.9179928927988523
8.72,0.8769168076838901,0.8895508824772136
8.73,0.8763071029114777,0.8670674426968329
8.74,0.8590192728320991,0.834870533107588
8.75,0.8673634167653121,0.8194771286213386
8.76,0.865268695224768,0.8255106584218599
8.77,0.8642102466965944,0.8402942709465127
8.78,0.8696626924360438,0.8308392287877037
8.79,0.8783578441934493,0.8499873685067589
8.8,0.8669314694610587,0.8668430912577628
8.81,0.8715339641754404,0.8491853110165055
8.82,0.8631498275576754,0.8512362672483373
8.83,0.8656468332166907,0.8506293362813684
8.84,0.8885084782328442,0.8448019574306997
8.85,0.8947333079923153,0.8675187711129132
8.86,0.8879556513662739,0.8788898102119449
8.87,0.8770606717344038,0.9035343710108934
8.88,0.8650360369979512,0.8729685990006467
8.89,0.8500398831303173,0.8725412570303643
8.9,0.8480094278768566,0.8682475649101387
8.91,0.8581874461171004,0.8794660563330895
8.92,0.9094489312687699,0.940179297286805
8.93,1.0150221345300516,1.041931351623036
8.94,1.173814645205098,1.2363782112354593
8.95,1.3110456200163556,1.3784639353994792
8.96,1.3508642621874,1.4457873130472716
8.97,1.3502735177559828,1.4521641446778668
8.98,1.336734716712145,1.401687996054447
8.99,1.319439895966507,1.402216921897603
9.0,1.3020820002716524,1.3703484509530584
9.01,1.272353744456762,1.3658430648574014
9.02,1.250688222956774,1.3563536229035893
9.03,1.2338846976976519,1.3546066987893242
9.04,1.2283415811365863,1.3290507082638472
9.05,1.221148831881179,1.3085607179608307
9.06,1.215555728567663,1.303773687388961
9.07,1.1985631675085435,1.3086116375465149
9.08,1.1864287487017091,1.2891968584222897
9.09,1.1834174054439994,1.299044387009639
9.1,1.2243714605547913,1.3284735946814292
9.11,1.2412387923249282,1.3534652178803332
9.12,1.2481041054716397,1.3757494064817368
9.13,1.2436526488523787,1.3517598540858866
9.14,1.2336261253190421,1.3619685483774884
9.15,1.242144479791847,1.3546219066779766
9.16,1.241388339977165,1.3793855935103905
9.17,1.2507062818281869,1.3454276643962944
9.18,1.2451331631267994,1.3397624366648975
9.19,1.2456580094640686,1.315845694061189
9.2,1.2421923961584391,1.2948911633451288
9.21,1.2526673138079372,1.2880409050077248
9.22,1.2692814975854285,1.2866603336599782
9.23,1.3016711666250003,1.3082330923713497
9.24,1.3129037061748672,1.3067953879596512
9.25,1.3157836667939213,1.2751004640180963
9.26,1.3440973314714486,
9.27,,
9.28,,
9.29,,
9.3,,
9.31,,
9.32,,
9.33,,
9.34,,
9.35,1.0784715969585825,
9.36,1.0779856435384292,0.9488562994802712
9.37,0.9358837243239182,0.8421781470221645
9.38,0.858558392653893,0.7750195871270877
9.39,0.82653187973394,0.7681073249422776
9.4,0.8376434436889966,0.7815835065762528
9.41,0.87015309581093,0.8362193545658945
9.42,0.8854811330642554,0.8830804252210938
9.43,0.9057458459223291,0.9047761353785896
9.44,0.9309788343571791,0.9465740857788664
9.45,0.9466132402972063,0.971291412930054
9.46,0.9683571706835645,0.9966489434366672
9.47,0.9960522205448994,1.018280841973221
9.48,1.013671104356909,1.040587276810556
9.49,1.026975759556257,1.072285372262526
9.5,1.03929576746458,1.0734830381078564
9.51,1.0542178904506483,1.0882181138143978
9.52,1.040451202263704,1.0948093352286863
9.53,1.0343105972724278,1.0840634783528706
9.54,1.0308266276740223,1.0874552935770128
9.55,1.0457571544840796,1.0821280247909033
9.56,1.063608946968122,1.1012666957024204
9.57,1.059264049835739,1.086408886785237
9.58,1.070857464131048,1.109097977776458
9.59,1.0704604437096674,1.1062782367450354
9.6,1.0750500560559515,1.124424259247845
9.61,1.058378557369628,1.104313656826676
9.62,1.0728860047499347,1.1005800166811681
9.63,1.07485510636831,1.107811602724559
9.64,1.0745948801993646,1.1085286875012674
9.65,1.0809140355015665,1.1237793084039638
9.66,1.0886734485751353,1.128317528731641
9.67,1.0797243813378454,1.1270488522106548
9.68,1.0806713287721839,1.1406359441099119
9.69,1.0724347676791528,1.1435848158698358
9.7,1.0594044408880023,1.1162948349207442
9.71,1.0576974969509372,1.1150955132524927
9.72,1.0741210532081216,1.1205015687341802
9.73,1.0721726940263294,1.1049472472867796
9.74,1.066407647918846,1.0989019896488381
9.75,1.0473825764362874,1.0738473640261064
9.76,1.053419654747704,1.0998187744728174
9.77,1.0417713938070743,1.0808735210387685
9.78,1.0364588127897425,1.0890698620046622
9.79,1.029181267470948,1.1015455497083697
9.8,1.0167309145484937,1.0863397878013443
9.81,1.008382465740129,1.0752340275499268
9.82,1.0054550449209045,1.0548132698935488
9.83,1.004577544816729,1.0398986927024199
9.84,1.0111887673605662,1.0487886576200354
9.85,1.0195329261603694,1.0483855026178481
9.86,1.025816066054156,1.0287036859425058
9.87,1.0065634131458965,1.015552252133939
9.88,0.9873275252548769,0.9790137143879692
9.89,0.9640699584393593,0.9636380807812088
9.9,0.9164381721743537,0.9082202388023469
9.91,0.8819340157262092,0.8565150925041517
9.92,0.8619703207934873,0.8071375871084171
9.93,0.8381847651365277,0.787285495775152
9.94,0.775031624905595,0.7356244095115934
9.95,0.7318849778723773,0.6747152225949032
9.96,0.7185892128064724,0.6321807304177482
9.97,0.7016163703483933,0.6254210502927603
9.98,0.6991928399393639,0.6192380827286095
9.99,0.6866069825598187,0.6064302566879463
10.0,0.6846395696317263,0.6208911017303422
10.01,0.716436696987575,0.6734464596221278
10.02,0.8425641024019299,0.8287941102863801
10.03,1.096123277768782,1.047732040726733
10.04,1.2164254018217502,1.0835669206892014
10.05,1.279657386616775,1.156761381694247
10.06,1.3260953018670205,1.1787700563371368
10.07,1.3145258930135986,1.1665428238609954
10.08,1.2950089499051751,1.158560290435021
10.09,1.2276798725955604,1.1811769581116367
10.1,1.142236127426049,1.1040468316030003
10.11,1.1101946265301452,1.0731307830031558
10.12,1.0762236272871333,1.040874930627989
10.13,1.018098614209465,0.9911612446476831
10.14,,
10.15,,
10.16,,
10.17,,
10.18,,
10.19,1.0964176032823292,0.9960129791585164
10.2,1.0785294074734044,0.9862733435288197
10.21,1.0701659225367406,0.9950357229131304
10.22,1.0726347104605423,0.9938394129319446
10.23,1.0538827185753155,0.9757231802215397
10.24,1.0172858147253594,0.9733594740661279
10.25,0.99495785320898,0.9496926194680803
10.26,0.9902643637294055,0.9368719551855067
10.27,0.9934125696359538,0.9571708579718524
10.28,1.0027655115105416,0.9670187952470963
10.29,1.0111634068940605,0.9656801554603969
10.3,1.0166762745076834,1.0020028734340505
10.31,1.0094961229785397,1.0062893674939106
10.32,1.0079671343766503,1.0263593805062081
10.33,1.0170160164871629,1.0263378534345247
10.34,1.0245401410735393,1.0168941494316261
10.35,1.0286506806086715,1.0196913278532806
10.36,1.0292047594929468,1.0398515587910517
10.37,1.0232357631570121,1.042083359417261
10.38,1.0286259238893534,1.0433131603118655
10.39,1.022929621014278,1.024341092859551
10.4,1.0170555597580868,1.0299274886009833
10.41,1.0084498620473612,1.0474647546830045
10.42,1.0088908662211562,1.0394187563196433
10.43,1.026512394838452,1.0473446197019758
10.44,1.0267652828412228,1.0478484879616397
10.45,1.0284624941007041,1.023385130751368
10.46,1.0197773404018635,1.035625664962467
10.47,1.0173377355290714,1.0106923122016798
10.48,1.0026938011721414,0.9864257235182432
10.49,0.9919049815107553,1.0037803889822763
10.5,1.0046214235937434,1.0053234078641675
10.51,1.013524570264275,1.011575675796536
10.52,1.0168383217466959,1.0200461054518444
10.53,1.014365238407026,1.0196881997836316
10.54,1.0054259215888042,1.002837843709001
10.55,1.0050131200329568,0.9891048059916673
10.56,1.0124761079372588,1.0021691627158094
10.57,1.0081400666850495,1.0074927019811637
10.58,1.0150947955691605,1.015449554828055
10.59,1.0159154936890449,1.0221067360746166
10.6,1.0125174892670454,1.014801777785431
10.61,1.004636150688295,0.9822066456415237
10.62,0.9803177842254908,0.9535867722312953
10.63,0.9271686144475644,0.9011378621228654
10.64,0.8008556549036465,0.8641421501747168
10.65,0.7361546701080318,0.8362828731437034
10.66,0.7922495279525403,0.8592487176573655
10.67,0.8649236202770193,0.9273589750006751
10.68,0.9006012448007884,0.9703585267893783
10.69,0.9460093880314411,0.996453971603571
10.7,0.9967785152482868,1.029794739435613
10.71,1.0204707825708856,1.0627444397224362
10.72,1.0302892477542545,1.0783936723165626
10.73,1.0337411262577636,1.0915857659344805
10.74,1.046851626339904,1.098463636502206
10.75,1.0357714399813824,1.097519495474816
10.76,1.0329717215592154,1.0923124276550586
10.77,1.0382615051838713,1.0807688074998842
10.78,1.038896305507806,1.0571463638946939
10.79,1.0202121871272547,1.0447387645037924
10.8,1.006231894285824,1.037592384677848
10.81,0.9561291965063284,1.0238763603442498
10.82,0.9310491479769805,1.0198346599988763
10.83,0.9278618660535705,1.0061990409352284
10.84,0.9255530076015586,1.0068857597646286
10.85,0.9377790059951536,1.0159752713819765
10.86,0.954639772098774,1.0333916487235157
10.87,0.9973888533077688,1.0343290212155076
10.88,1.0180418218151313,1.0743059983535876
10.89,1.0210957510385783,1.0670127331849075
10.9,1.0254008050154964,1.0452429419207245
10.91,1.0318250678924312,1.0568323329653981
10.92,1.030958907856087,1.0428052830896783
10.93,1.0413409536209834,1.0307172616304017
10.94,1.0295366847540677,1.0269755703057528
10.95,1.0293542729256124,1.0297214887359627
10.96,1.0215455930298132,1.0167484833886782
10.97,1.021278033461223,1.043158307571082
10.98,1.0127009183674007,1.0212575257252559
10.99,1.013332748888132,0.9861926727547863
11.0,1.0154396923559137,0.9715580605273267
11.01,1.0175293029491468,0.9746311910660316
11.02,1.0439029063620535,0.9403910736392964
11.03,1.0517760959040627,0.9382183062756004
11.04,1.0635572107299096,0.9065153558194627
11.05,1.042943271171954,0.8910419785999976
11.06,1.0555772248720303,0.9590735413785697
11.07,1.0787051118220878,0.9310488988702461
11.08,,
11.09,,
11.1,,
11.11,,
11.12,1.3134861933355106,1.0097545088762285
11.13,1.2291327543627613,0.9765331001496702
11.14,1.1318426519056617,0.9962734276909507
11.15,1.0815340386810788,1.0175321505878345
11.16,1.0418083728249998,1.0101158231184035
11.17,1.0735967156731403,1.0808727369170037
11.18,1.1448223016451442,1.1538841309710208
11.19,1.1656434081071847,1.1729674339223004
11.2,1.2042005013836583,1.2024293988561516
11.21,1.2600534673136485,1.2402121785152997
11.22,1.2933524571319175,1.2485497039096973
11.23,1.3181486433080396,1.2635460746059202
11.24,1.3282666841562285,1.2602484264468492
11.25,1.3307082603256788,1.2616354845909923
11.26,1.3185178026496078,1.2442731917555805
11.27,1.3172014238255925,1.2237764717893655
11.28,1.295350430179472,1.249413171226582
11.29,1.2787939099988652,1.2319989323042844
11.3,1.2151344701326925,1.1771376374703006
11.31,1.1404741794240036,1.1389840574362866
11.32,1.0619014001927432,1.0489845568276737
11.33,0.9831648520549588,1.0406292906683294
11.34,0.967677006211242,1.0162190410908853
11.35,0.9908968196759429,1.0247416665841387
11.36,0.9977874553946243,1.034160323717068
11.37,0.9732784735528872,1.0360203700805197
11.38,0.9685132523438966,0.989678108747024
11.39,0.9655816080051707,1.0158295597816416
11.4,0.9631810646489868,1.0162299466727072
11.41,0.933191922239379,0.9909879031415398
11.42,0.9180960138171823,0.9623703997763968
11.43,0.8804291242070238,0.9215098795306517
11.44,0.8374464765973578,0.873887322377997
11.45,0.8108120883611533,0.8298472101365394
11.46,0.8054114997983223,0.8064559195931439
11.47,0.8215507309555385,0.8015644983067373
11.48,0.8270109906515042,0.8213599632630117
11.49,0.8143631857003808,0.8105327589398498
11.5,0.7991452315792694,0.7679883899004394
11.51,0.7881652743853098,0.742356113806622
11.52,0.7642231784714,0.7494241416146009
11.53,0.7550578969009719,0.7405808789653726
11.54,0.8110093975423115,0.8064782072542581
11.55,0.859159612270966,0.898686255600088
11.56,0.8690093298220459,0.9230297371364626
11.57,0.9239071832582149,0.9626931884402037
11.58,0.9699518262854068,1.004239574306608
11.59,0.9989668895840638,1.037918554269985
11.6,0.9831260899091564,1.0331634074840734
11.61,0.973031984581281,1.0038945124957874
11.62,0.9771060130808014,1.0002680241495743
11.63,0.9860745189217246,0.9811405707924903
11.64,0.9840042332775477,1.001861504851597
11.65,0.9797674518229105,1.0014094831660125
11.66,0.9803365401556525,0.961910601110067
11.67,0.9753928581622179,0.9878100979581752
11.68,0.9859119510484426,0.9932311966324183
11.69,0.9852514631972572,1.0693312831228232
11.7,0.9848157826315277,1.0539253809976001
11.71,0.9837649845951426,1.0450149943701552
11.72,0.990906746993655,1.021905918373493
11.73,0.9985073838241707,1.0640224776540477
11.74,1.0167002562166014,1.09376287471371
11.75,1.008035733417379,1.0862738744056701
11.76,1.011194458034541,1.0653911619645533
11.77,1.001041503386914,1.0565567386683425
11.78,0.9874568361425446,1.0537064524639375
11.79,0.9890888833230305,1.0406534848997309
11.8,0.9751696793759355,1.0280510951431485
11.81,0.966607211014944,1.0348523256800415
11.82,0.9686220778240323,1.0426846424971805
11.83,0.9660602598383926,1.0355732449141264
11.84,0.9677926384012624,1.0484616943373775
11.85,0.9735616069728336,1.0570764734131552
11.86,0.9746454024959659,1.049630113625247
11.87,0.9717362089789943,1.045789977830895
11.88,0.966236156045611,1.0377541112949378
11.89,0.9846767843603147,1.0182556415023745
11.9,0.9900508867569345,1.0257006911260615
11.91,0.9735943270678896,1.0093272990105333
11.92,0.9208775115593373,0.9546369331680495
11.93,0.8891487745705708,0.935048059831791
11.94,0.8767072044902297,0.9186372693477248
11.95,0.8599087064685396,0.8815357048707482
11.96,0.832252023249155,0.8336299197323139
11.97,0.816404905306547,0.7848972962289675
11.98,0.8013825780799909,0.7399143057767542
11.99,0.7428392037169447,0.6888573378484204
12.0,0.7366528313337016,0.6429436291831301
12.01,0.7321227618892634,0.6032239230638019
12.02,,
12.03,,
12.04,,
12.05,,
12.06,,
12.07,,
12.08,,
12.09,,
12.1,,
12.11,,
12.12,,
12.13,,
12.14,,
12.15,,
12.16,,
12.17,,
12.18,,
12.19,,
12.2,,
12.21,,
12.22,,
12.23,,
12.24,,
12.25,,
12.26,1.0340141798974,1.0196520099199518
12.27,1.009277483323745,1.0197869067125862
12.28,0.991375794060008,0.9427671793453887
12.29,0.9884069154662156,0.9603460249172302
12.3,0.9840846879501615,0.9766766662663733
12.31,0.9912683378102007,1.035157967225597
12.32,0.998115655283301,1.0031142781856313
12.33,0.9646298519965768,0.9550235683669839
12.34,0.9498682376921788,0.9593486014490077
12.35,0.9509273792588602,0.9730411464642902
12.36,0.9578456493015057,0.9540190666585894
12.37,0.9489220553573696,0.9128856052773531
12.38,0.929466723887552,0.8508690110655641
12.39,0.9407524965556588,0.8291269117695801
12.4,0.9431120054623243,0.7979474199663785
12.41,0.9487878079420471,0.7921465758465936
12.42,0.949642069129259,0.7831924257350376
12.43,0.945276832848894,0.7505370077912705
12.44,0.9321782745864822,0.708259718142794
12.45,0.9293999884473242,0.6758516624990802
12.46,0.9295840471585728,0.6681001051445092
12.47,0.925956439916679,0.6784991926299916
12.48,0.9209261541526224,0.6842385742210483
12.49,0.916890586966598,0.6906949609128452
12.5,0.9139235736221282,0.6597686564960419
12.51,0.9172737163153616,0.6542437419781854
12.52,0.9145854000510012,0.6437053937114289
12.53,0.9098678149890277,0.6311965951607406
12.54,0.9116607140313601,0.6268420315155956
12.55,0.9194987016837151,0.6261370071656291
12.56,0.9101584281544515,0.6731054680402867
12.57,0.9109320615241918,0.6936041944494199
12.58,0.9161026535607254,0.6913125682751874
12.59,0.9239229414474549,0.650704237587377
12.6,0.9758784805421885,0.934451486214902
12.61,1.0015032421693058,1.0774855886244252
12.62,0.9986887340732113,1.082318690235667
12.63,1.0224826219140433,1.1788717145379808
12.64,1.0402543406281137,1.2207770974669618
12.65,1.0130455588053102,1.1948917717338683
12.66,0.9898349354573451,1.1244234398315331
12.67,1.0008049777645447,1.1428642415702646
12.68,0.9812518331400704,1.039608051116741
12.69,1.0216787078626366,1.0682749824236082
12.7,1.0343135331477247,1.1430639328890484
12.71,1.0325603159561412,1.125913631360105
12.72,1.026150721872908,1.1002455120448253
12.73,1.0353742516215807,1.090146337665789
12.74,1.0358551833178802,1.0765162863440259
12.75,1.0468626317405807,1.102335892876779
12.76,1.047365338432601,1.142902030860767
12.77,1.055939755951809,1.1601862492301218
12.78,1.0436166843425425,1.2273171055998315
12.79,1.0504269568846891,1.2307195802518454
12.8,1.0368928768289267,1.1992857331807782
12.81,1.0553365629097966,1.2060084754298077
12.82,1.0427225519247063,1.2004209735647273
12.83,1.0139739479223773,1.1776471843666472
12.84,1.0325071661480492,1.19398372297984
12.85,1.0257563861382792,1.1832789800302461
12.86,1.0040501996132416,1.153985405788824
12.87,1.0272263843434377,1.209418556904641
12.88,1.0541758411680806,1.2617120879233492
12.89,1.033850425143563,1.2390194883103456
12.9,1.014015106558077,1.14398195942384
12.91,0.9974146609947213,1.0494509972781672
12.92,0.9947934456694029,1.0285307992641082
12.93,0.9965760026774584,1.0287291332661828
12.94,1.0211154218641723,1.0688222429275551
12.95,1.0407400787313605,1.1090428043713598
12.96,1.0487388678828582,1.1211579179042481
12.97,1.068886935813908,1.176529015578117
12.98,1.1048980945870912,1.2268313452902637
12.99,1.1151062382762358,1.2704618372252425
13.0,1.122079910297186,1.2738607457586935
13.01,1.0921302165258997,1.1223745460252539
13.02,1.0662719126574078,1.1091598706882424
13.03,1.07300002081212,1.1194302925889308
13.04,1.0881235692578004,1.0961982880829957
13.05,1.1160396255001004,1.0632687517907622
13.06,1.1321082126820938,1.0093200767167736
13.07,,
13.08,,
13.09,,
13.1,,
13.11,,
13.12,,
13.13,,
13.14,,
13.15,0.9478947182911114,0.943841877913621
13.16,0.9514616545554462,0.9575623476401194
13.17,0.9484728243112079,0.9706434626525412
13.18,0.9533454001641858,0.9699819993722723
13.19,0.9478604597588899,0.9664811491813716
13.2,0.9561485566218921,0.9858561746622841
13.21,0.9613267076862061,1.0114005539219082
13.22,0.9607597006974277,1.0012343041950362
13.23,0.9654229220466382,0.9936866692570386
13.24,0.965855178967376,1.0089622833693885
13.25,0.9553454231046528,1.0050650949455615
13.26,0.9716974834240149,1.0342887862869432
13.27,0.9786274797695478,1.0274323985659124
13.28,0.9919757621219458,1.0569307891460362
13.29,0.9989631957340963,1.05372909386106
13.3,1.017032813401354,1.075448635917267
13.31,1.027247911635861,1.090632391906371
13.32,1.0328746865209923,1.091912681089599
13.33,1.041570707686329,1.1114864605832775
13.34,1.0470029892125166,1.112999810843658
13.35,1.0515293051352805,1.1226357954022586
13.36,1.0620544214484064,1.1321078458117426
13.37,1.0833788668452364,1.1438966134934965
13.38,1.0869905188566484,1.1302290305097535
13.39,1.0706673274165797,1.1357782121328932
13.4,1.0664628338970932,1.1151321123688327
13.41,1.0498268701631044,1.0874706388051887
13.42,1.0449169401066971,1.0990149021805102
13.43,1.0375364465331667,1.0808795946375525
13.44,1.0473356891666799,1.1032876733196377
13.45,1.0435397842750178,1.105301861991824
13.46,1.056504145142627,1.1141707475886278
13.47,1.0687444907441657,1.1153428534289358
13.48,1.090898000343738,1.1159004404746653
13.49,1.036781181242501,1.0576410803998963
13.5,1.0104326423970074,1.0333466012438968
13.51,1.0138330321944096,1.0421548370211942
13.52,0.9921930443923915,1.0217299021951751
13.53,0.9869728887701413,1.0193242665357738
13.54,0.9625115691420185,1.0054002953246635
13.55,0.9522363046047634,1.0000058053415652
13.56,0.9549169554106391,1.0030198886624744
13.57,0.9476243851611128,0.9907074465957783
13.58,0.9366586914592807,1.0009711444326368
13.59,0.936984760476423,0.9993390440066089
13.6,0.941981276531923,1.0111847725088634
13.61,0.9412239628058201,1.0078082584035775
13.62,0.9425034981576352,1.0204316610996882
13.63,0.9402811515426927,1.0028615835496795
13.64,0.9378528625311113,0.9959532409129919
13.65,0.9408271078606159,1.0026742436020284
13.66,0.9483703913130085,0.9721365527287367
13.67,0.9531012290461655,0.9686680154265404
13.68,0.9540714412911688,0.9357395359543597
13.69,0.9666215983479997,0.9444392732275189
13.7,0.965844694635933,0.9497486799706625
13.71,0.9683969962099276,0.9728444401052185
13.72,0.9593435293686765,0.9547715150755389
13.73,0.9424781119784111,0.9342627195204121
13.74,0.9426829002879167,0.9308634979858466
13.75,0.9530737501892497,0.9477520840652771
13.76,0.9623507377338528,0.9571554930329232
13.77,0.9565198175588282,0.9525424510426315
13.78,0.9604281407754806,0.9489043497683688
13.79,0.9632652986712857,0.9541421542550734
13.8,0.971505737523736,0.9211728421617933
13.81,0.9771198664081246,0.9234856081820391
13.82,0.9725085153639311,0.8840570097563403
13.83,0.9642593930981346,0.8971628710091124
13.84,0.9780131148410314,0.9040317057882857
13.85,0.9839259973944741,0.9025446202710715
13.86,0.9898436473280635,0.9054942371576592
13.87,1.035923559098346,0.8999392263071639
13.88,1.0890095090234833,0.9392801688671496
13.89,1.1389094980430363,0.9534196069352414
13.9,1.1910932342069218,0.9667625172847035
13.91,1.2605594329800187,0.9782018897857943
13.92,1.3485009871519777,1.0201064541067917
13.93,,
13.94,,
13.95,,
13.96,,
13.97,,
13.98,,
13.99,,
14.0,,
14.01,,
14.02,,
14.03,,
14.04,,
14.05,,
14.06,,
14.07,,
14.08,,
14.09,,
14.1,,
14.11,,
14.12,,
14.13,,
14.14,,
14.15,,
14.16,,
14.17,,
14.18,,
14.19,,
14.2,,
14.21,,
14.22,,
14.23,,
14.24,,
14.25,,
14.26,,
14.27,,
14.28,,
14.29,,
14.3,,
14.31,,
14.32,,
14.33,,
14.34,,
14.35,,
14.36,,
14.37,,
14.38,,
14.39,,
14.4,,
14.41,,
14.42,,
14.43,,
14.44,,
14.45,,
14.46,,
14.47,,
14.48,,
14.49,,
14.5,,
14.51,,
14.52,,
14.53,,
14.54,,
14.55,,
14.56,,
14.57,,
14.58,,
14.59,,
14.6,,
14.61,,
14.62,,
14.63,,
14.64,,
14.65,,
14.66,,
14.67,,
14.68,,
14.69,,
14.7,,
14.71,,
14.72,,
14.73,,
14.74,,
14.75,,
14.76,,
14.77,,
14.78,,
14.79,,
14.8,,
14.81,,
14.82,,
14.83,,
14.84,,
14.85,,
14.86,,
14.87,,
14.88,,
14.89,,
14.9,,
14.91,,
14.92,,
14.93,,
14.94,1.5700397383752964,1.6189435726669754
14.95,1.544263909282894,1.5697041789532007
14.96,1.5084180066256556,1.5537605426786267
14.97,1.470642015398936,1.5376883649227877
14.98,1.4374992130930628,1.4773270882044809
14.99,1.4135762157587928,1.5479294068432088
15.0,1.4330026517565029,1.5615380918598658
15.01,1.4324279459296798,1.5366673912530275
15.02,1.4279166850857605,1.520175738933438
15.03,1.4273547770315431,1.562439222929753
15.04,1.4263787016313498,1.5568343347193936
15.05,1.4171342065563826,1.5638391947809152
15.06,1.4043622013080619,1.5862286044481
15.07,1.4064294939625162,1.5587202629702033
15.08,1.3878547812227227,1.5328074937267706
15.09,1.3545575127584797,1.533257204811192
15.1,1.3142645872307885,1.47113325659201
15.11,1.2936840634281175,1.475697071776144
15.12,1.2823446824284024,1.4403150213625797
15.13,1.2415678584279848,1.4290582393147486
15.14,1.1996117230952639,1.4041062150872214
15.15,1.1875967477352516,1.3730874656565812
15.16,1.1754300034161849,1.3863522496878966
15.17,1.1955465426114182,1.3941893930607827
15.18,1.2101002000233747,1.39013073087909
15.19,1.178582846576463,1.3577435106939344
15.2,1.161872331864399,1.3019348153906407
15.21,1.171193008219654,1.3185834426282517
15.22,1.1917636364292348,1.336893763737671
15.23,1.1891790499803727,1.345614226050196
15.24,1.1660348207963847,1.350454334964837
15.25,1.1364127098930712,1.3469821296457154
15.26,1.1191849334731498,1.3017524681130768
15.27,1.1193595710552415,1.262030175371918
15.28,1.123394810263403,1.2499764475596449
15.29,1.1014226475091111,1.232811743904796
15.3,1.0681013430821578,1.2370619131931515
15.31,1.0240582493035464,1.1784460503148915
15.32,0.9722573894279496,1.086032333080479
15.33,0.9239720641882392,1.0286950792738758
15.34,0.8403926921734592,0.907501852253545
15.35,0.7464112259774182,0.758017969684965
15.36,0.6362727754266293,0.5298728169293767
15.37,0.5898283564438283,0.31358100330289485
15.38,0.5983672879024918,0.17444791166953416
15.39,0.5736904361910077,0.16066031217015833
15.4,0.5626994179406158,0.23421054673098846
15.41,0.584825055974995,0.34352955993384066
15.42,0.6346143745789187,0.5510218358928308
15.43,0.6238580449126692,0.602609066588749
15.44,0.6129609634068085,0.5292722256358517
15.45,0.6353278078168734,0.5604390775887597
15.46,0.6494394423532815,0.6149866901267234
15.47,0.6307360471009524,0.5923666156297249
15.48,0.5916763362609638,0.4850835084066399
15.49,0.5821944475190919,0.4102763700924223
15.5,0.5628824328049664,0.237388660657902
15.51,0.5565934361733109,0.244235255166759
15.52,0.5617701859796678,0.26750879829894686
15.53,0.5737456787879991,0.2612634890131519
15.54,0.5834312328443377,0.1747658173346889
15.55,0.6074520021592122,0.2803933180133205
15.56,0.630247818425815,0.5036554393844438
15.57,0.604382087212795,0.37191101610305083
15.58,0.6721469315156157,0.14696355261435037
15.59,0.6426445736196811,0.14170613687926714
15.6,0.587228244202289,0.3505195091648644
15.61,0.6926595764918737,0.6448002139473804
15.62,0.8557887762951051,0.9213217668778895
15.63,0.9863733414562417,1.0769430595425042
15.64,1.0844481692520174,1.1714972172470788
15.65,1.0928933606160145,1.1931037033787975
15.66,1.0828512716808387,1.1770931487985774
15.67,1.0225608677836926,1.1054281911523505
15.68,0.9429934593644556,0.9790193352350987
15.69,0.8846885590734167,0.9099796437965528
15.7,0.8057734249167914,0.8760201108198824
15.71,,
15.72,,
15.73,,
15.74,,
15.75,1.0601916389524968,1.0160926509238704
15.76,1.0526385514975272,0.9551538161063435
15.77,0.986438290067415,0.8931979910711075
15.78,0.9493238861360602,0.9151255726976478
15.79,0.9242077876893644,0.9276485009628179
15.8,0.932280478811471,0.9294441596211702
15.81,0.9279679664143999,0.9527444502249925
15.82,0.9504499515320998,1.0033204748716056
15.83,1.009890280712748,1.0855028154066892
15.84,1.0775577123842304,1.1852980865308795
15.85,1.1269395100257955,1.231973720053692
15.86,1.1667771472280437,1.2679090284732872
15.87,1.1983635996925799,1.2830194822855427
15.88,1.244249959951071,1.3438245168752514
15.89,1.2388468049206736,1.364122686948335
15.9,1.2411997157166539,1.365432632090715
15.91,1.2559095088735146,1.3531022960078012
15.92,1.2662568697802916,1.344208233809734
15.93,1.279284372142186,1.375765773294774
15.94,1.287583776304389,1.3958151313401435
15.95,1.2855321454919053,1.392376478281367
15.96,1.2838305752523194,1.4188742141133335
15.97,1.2857810674191636,1.432142797724069
15.98,1.2870182402669015,1.4532414346089695
15.99,1.2839603459853546,1.4646738563561181
16.0,1.299802181058116,1.4463104612020266
16.01,1.301115294571471,1.5014254667234683
16.02,1.3005033496362637,1.4889451101970241
16.03,1.2639446425134855,1.3918117548093794
16.04,1.2207510640914827,1.2945597073791528
16.05,1.1614295442817975,1.1833063442215819
16.06,1.0595916789056479,1.0745390697339612
16.07,0.9045041155767174,0.8874968962413067
16.08,0.7644558864113691,0.7158388121935431
16.09,0.6765914164989434,0.5749671433812872
16.1,0.6225617303767321,0.4471395376353836
16.11,0.5292101835124515,0.33552384883616687
16.12,0.45356717025450194,0.18912397930197491
16.13,0.4974142096812953,0.04372276141259588
16.14,0.7611023589300997,0.020769362595069674
16.15,0.7857582940367082,0.021145161537810254
16.16,0.5610778620999353,0.0668662765784665
16.17,0.5217047194472247,0.36632859102470583
16.18,0.5984599920112226,0.5357371102569862
16.19,0.8085703744374653,0.7820089036051112
16.2,0.9114822568454404,0.9401882157756835
16.21,0.9137415234865605,0.9280650887237452
16.22,0.9266391789527937,0.9745254704935588
16.23,0.9270872964297745,0.9833747546682591
16.24,0.9613411376882778,1.0475779160888703
16.25,0.9998794258916626,1.0917067906093076
16.26,0.9583826748958097,1.1080686717470052
16.27,0.9008221997197776,1.1042428449426755
16.28,0.9705631386754723,1.1904152702548472
16.29,1.0784176471018965,1.2548829359047184
16.3,1.1443059306505035,1.2984747647864434
16.31,1.1965695064252178,1.3300299578417731
16.32,1.2243445444930448,1.3417854579178614
16.33,1.2236419253637527,1.3109413014401776
16.34,1.1291313088494945,1.2162432798252598
16.35,1.016727454712763,1.1424892608833663
16.36,1.0021025902468754,1.1260932877391427
16.37,1.024693393933283,1.1497001420132782
16.38,1.0783150172853906,1.2253296231782704
16.39,1.1430377245125802,1.306226425356005
16.4,1.1176203659990642,1.2794799055927382
16.41,1.1189914236564633,1.2593670130551362
16.42,1.0791198254878758,1.2274609037047313
16.43,1.022505867046871,1.1792538882477475
16.44,0.9608934542828719,1.0907759158958061
16.45,0.855232691378985,0.8957496325563503
16.46,0.6950912598487691,0.4976437613837744
16.47,0.6894689510842984,0.31656886653388355
16.48,0.7026879712766864,0.2784816359609628
16.49,0.7176373709508223,0.353302811200386
16.5,0.7869683971269874,0.7194355752352803
16.51,0.8670832072037432,0.8454889219423237
16.52,0.9013870411953393,0.867848248845507
16.53,,
16.54,,
16.55,,
16.56,,
16.57,,
16.58,,
16.59,,
16.6,,
16.61,,
16.62,,
16.63,,
16.64,,
16.65,,
16.66,,
16.67,,
16.68,,
16.69,,
16.7,,
16.71,,
16.72,,
16.73,,
16.74,0.8024218730208024,0.6572842093322905
16.75,0.8016121454512157,0.7329756059348795
16.76,0.9078258064764745,0.8696041976456517
16.77,0.9602693504372952,0.9390546490454604
16.78,0.9542432784216227,0.9512450958966265
16.79,0.9611500303913727,0.9506667294982473
16.8,0.9741481632840032,0.9705428369487685
16.81,0.9829765854904294,0.9822669127052884
16.82,0.9662661661112357,0.9341948750593063
16.83,0.9012681504203486,0.8518472586713844
16.84,0.6948652034324666,0.33256877372568544
16.85,0.6669440160629304,0.3271901358853615
16.86,0.7607296745175319,0.613733921571914
16.87,0.9075853919503823,0.8419669512227347
16.88,0.9335712263235421,0.9005244617639556
16.89,0.9292820514111615,0.8861391936645399
16.9,0.7263952991295021,0.6536282784755395
16.91,0.5863782163469933,0.33986164844036454
16.92,0.5599852025295613,0.30963967905595097
16.93,0.5781086236660097,0.5007028430434863
16.94,0.7011799619955864,0.717599384174309
16.95,0.8243506179423371,0.862718948851388
16.96,0.9452331923079584,0.996311326270363
16.97,1.0496860793865872,1.0801578441045359
16.98,1.135761599723125,1.1785039347628858
16.99,1.179606495705709,1.2384736749917176
17.0,1.1958591249190291,1.239064348242717
17.01,1.1705718379540846,1.2259107344531646
17.02,1.1540632087186087,1.2217481485731432
17.03,1.188099424474485,1.2287724607208101
17.04,1.1959866031086501,1.2276985836455538
17.05,1.1734661066855923,1.1800617796380284
17.06,1.137157441389094,1.1921714041942748
17.07,1.1247867099098015,1.1848797255318098
17.08,1.1129624454407943,1.195029332486715
17.09,1.1175249981441475,1.2149599917326277
17.1,1.0902136518121597,1.2273346704935215
17.11,1.0863446904677385,1.222139342950904
17.12,1.083839069479548,1.1954774876303809
17.13,1.0726216406013416,1.2078284086748141
17.14,1.0559198718631608,1.1598404263361346
17.15,1.0503849445990405,1.1591281629645955
17.16,1.0178319740372979,1.1459066150325619
17.17,0.935505263122031,1.0351025314708902
17.18,0.9043175540378371,0.9790183871975279
17.19,0.8821933092655816,0.9800346364327299
17.2,0.9113386922535975,0.975515678210363
17.21,0.9795926888422591,1.041702673044334
17.22,1.054091878545307,1.137820824684471
17.23,1.1114220012576823,1.1623496637307023
17.24,1.1378699903812752,1.1748711505198033
17.25,1.199457948135775,1.2061728950787642
17.26,1.232937156724371,1.2547298021686337
17.27,1.2284155265150982,1.255053292755441
17.28,1.1751435524433356,1.2028010319586055
17.29,1.1881537782327027,1.1849523928941759
17.3,1.2166742819827001,1.169831346050875
17.31,1.2904063192316257,1.164856331981535
17.32,1.2982245186815102,1.1870812196975533
17.33,,
17.34,,
17.35,,
17.36,,
17.37,,
17.38,,
17.39,,
17.4,,
17.41,,
17.42,,
17.43,,
17.44,,
17.45,,
17.46,,
17.47,,
17.48,,
17.49,,
17.5,,
17.51,,
17.52,,
17.53,,
17.54,,
17.55,,
17.56,,
17.57,,
17.58,,
17.59,,
17.6,,
17.61,,
17.62,,
17.63,,
17.64,,
17.65,,
17.66,,
17.67,0.9132730002717036,0.7533060885854084
17.68,0.9047114178346497,0.747825833472442
17.69,0.8867367174633828,0.7066145279987694
17.7,0.8832622994075947,0.7119734904728161
17.71,0.8901579658132227,0.7502034489087819
17.72,0.8962573127526412,0.7554993893862395
17.73,0.887208077274435,0.7909395152891033
17.74,0.8913334369187549,0.826657581587412
17.75,0.9012595480381207,0.8184015587276576
17.76,0.9096332347585208,0.8343740741616185
17.77,0.9192051650477373,0.8429668434315348
17.78,0.917142493504534,0.8827415508809348
17.79,0.9036957304336094,0.882305778387548
17.8,0.865422986750566,0.8939766923890682
17.81,0.8445844628092518,0.8648348662928518
17.82,0.8251222122049241,0.8510503236523249
17.83,0.8173758206730216,0.869268714379291
17.84,0.8773836488260205,0.908780006293141
17.85,0.9086018644831295,0.9378119630576881
17.86,0.912593978374269,0.9529484044412415
17.87,0.9407628661917126,0.9916971504638165
17.88,0.9836986719237057,1.0274933404842674
17.89,1.0263541060618135,1.0423514804396405
17.9,1.0456414493284574,1.0588475491900022
17.91,1.0312720755605524,1.060540194306964
17.92,1.0017813494964896,1.0528374964890037
17.93,0.9582054051762329,1.0294315344531149
17.94,0.9466599653957496,1.0388063773541822
17.95,0.9838754400216877,1.0771881105697492
17.96,1.0537740403279277,1.1282392620785346
17.97,1.1198505244474395,1.1603614573540255
17.98,1.149234468758267,1.192563286711394
17.99,1.1255275813678949,1.1827339876108527
18.0,1.0722870599136711,1.1361918668272935
18.01,1.0099562632189116,1.127713124226998
18.02,1.0118558539149702,1.094798665269202
18.03,1.0538331870444964,1.1246799974550825
18.04,1.1052797181103435,1.1446016038628688
18.05,1.1368089360848508,1.1611399786811085
18.06,1.1111797151487444,1.1541162909544995
18.07,1.0335412893954339,1.108105349806512
18.08,0.9608356991958485,1.0660178481733216
18.09,1.008352274022749,1.1164350433502581
18.1,1.0745833550989086,1.12758751004705
18.11,1.0965057900084283,1.1333309729333392
18.12,1.0746139439551676,1.1411190015720465
18.13,1.051383098583752,1.1450972062853157
18.14,1.0528051976342607,1.136712896796369
18.15,1.0428868251692118,1.1153406961968846
18.16,1.062527614344915,1.1268721424191088
18.17,1.0584114305399575,1.124570278651079
18.18,1.0447277631997527,1.1103243183565434
18.19,1.0815105520162875,1.1253601906528894
18.2,1.111962261905854,1.137927219601705
18.21,1.1248323589720441,1.1471774135986745
18.22,1.118751630032278,1.1582084086972824
18.23,1.1192392099600683,1.176922865580824
18.24,1.116967638233277,1.1732190947675403
18.25,1.1128643601449357,1.1552242352365407
18.26,1.1152069442227661,1.1421891102277164
18.27,1.141773950101117,1.154286713463383
18.28,1.139020393496847,1.131049947655652
18.29,1.1243298748438488,1.1068016906347542
18.3,1.084762887701237,1.0930369174639878
18.31,0.9959670263296359,0.9869726162509072
18.32,0.8864522165262079,0.9310536213741754
18.33,0.7547553249801935,0.742213481142155
18.34,0.6780294792390298,0.5555205650621764
18.35,0.710446485397587,0.5802562255301036
18.36,0.770958000690671,0.7083144872315983
18.37,0.8613982695411374,0.8243469007126415
18.38,0.9541423876675423,0.9240027854501252
18.39,1.067653506603846,1.0323729305913711
18.4,1.151460229511188,1.0677730773229535
18.41,1.1712494956591772,1.0885880041804712
18.42,1.1596690945608963,1.1025560833667603
18.43,1.174139711079639,1.0703668861425213
18.44,1.1961648794741755,1.068499824058409
18.45,,
18.46,,
18.47,,
18.48,,
18.49,,
18.5,,
18.51,,
18.52,,
18.53,,
18.54,,
18.55,1.118262388719248,1.086130380768842
18.56,1.0186210141012,1.009392616379055
18.57,0.9585250378117395,0.9727365464056063
18.58,0.9206262630890224,0.9752734000379951
18.59,0.9261910071950459,1.0146234377788272
18.6,0.9252638024269082,1.005443133847465
18.61,0.9662437191394426,1.0214548389040132
18.62,0.9699024385773493,1.123062157949488
18.63,0.98343104823535,1.1355676129434153
18.64,1.002379129736271,1.1209589725583933
18.65,0.980194516370423,1.1246875772140243
18.66,0.9888484633684445,1.0949302706433381
18.67,1.0082590878724997,1.080353992046163
18.68,1.0004882524422023,1.0675786607793294
18.69,0.9918350945205029,1.0688340582021778
18.7,0.9653596218507696,1.088412652232153
18.71,0.9577647847955093,1.1190777431244308
18.72,0.9645919008800423,1.1183969404486018
18.73,0.9437844299508757,1.0679461427934231
18.74,0.9617636411771219,1.0370551986788008
18.75,0.967261486177911,0.9444441371280226
18.76,0.9728762123701553,0.9427695106678968
18.77,0.9511130124672057,0.9338318617374785
18.78,0.9372977939897391,0.947614484141693
18.79,0.8997679304685485,0.9455519716193657
18.8,0.8739755817091069,0.9282313837229192
18.81,0.8654652249893291,0.9680070065036025
18.82,0.8600136798818865,0.9587452073730576
18.83,0.8704946434307419,1.0468984583413832
18.84,0.8942431765692773,1.117162795987095
18.85,0.8957886412253835,0.950929410503557
18.86,0.90701998598614,0.9999692051588519
18.87,0.91865655614869,1.0117168320781165
18.88,0.9431398812610892,1.0644679785478663
18.89,0.9813924925680597,1.2331738234809917
18.9,0.9890917319638425,1.1901477809790222
18.91,0.9561265373449055,1.3139222492591573
18.92,0.9917676579685181,1.4533182167423062
18.93,1.105334838044423,1.5283486569743354
18.94,1.1801629657600161,1.485932362219466
18.95,1.230261885997193,1.4686516979683002
18.96,1.3013497768746602,1.45510591778311
18.97,1.3194808896934727,1.431289206416486
18.98,1.334778922925675,1.4374368917592812
18.99,1.3548369145537484,1.4003436222402124
19.0,1.3597584604744113,1.4682394410282689
19.01,1.3376519889413248,1.5235119029549387
19.02,1.3358154239987718,1.5015531884757998
19.03,1.382160322431608,1.5641492435105087
19.04,1.4267849210401953,1.5876211115350496
19.05,1.4513587938066035,1.5747058527053805
19.06,1.5385773885319765,1.5711344049745435
19.07,1.581991639979318,1.5425866619058075
19.08,1.5542869918164084,1.496056812414095
19.09,1.5672513559973391,1.4993203258441843
19.1,1.55786667951513,1.400123984468217
19.11,1.599561226424012,1.3577901691630194
19.12,1.591259315150984,1.3121897725337852
19.13,1.5881995345063356,1.2591197864768802
19.14,1.4758372769133148,1.177171549074258
19.15,1.3007020515455179,1.1627844108258618
19.16,1.2179034483738003,1.0363682610242753
19.17,1.1341475557217127,1.0888859208103263
19.18,1.0251307206273839,1.053685192373524
19.19,0.9671301554712199,0.9861434451776342
19.2,0.959648366964265,0.8550664876037057
19.21,0.9423035420573028,0.6578302086721969
19.22,0.9215630053345418,0.3688113379620565
19.23,0.885827893171551,0.29755355963594177
19.24,0.8044170299941009,0.28656794453043666
19.25,0.7036931200074587,0.29584757470238177
19.26,0.6159865519619833,0.3268272192713535
19.27,0.5835929402715822,0.33871494153463283
19.28,0.5792036185525258,0.35937160959779085
19.29,0.5833520441741887,0.3879866373836083
19.3,0.5823115894526651,0.3851331778744086
19.31,0.5786419792733941,0.467468811958803
19.32,0.5885928262847181,0.4892815662632345
19.33,0.5991902566161644,0.4478055190571752
19.34,0.604585239850863,0.3823335889654232
19.35,0.6220078998559623,0.40240148803966364
19.36,0.6347865718159771,0.4252927336303484
19.37,0.6399218852990606,0.45864901200531016
19.38,0.6448749474753213,0.6068000173063779
19.39,0.6546172216527735,0.707539986266844
19.4,0.6672180795605207,0.6676509010670323
19.41,0.7104464046134777,0.7491403996072701
19.42,0.7378786052521316,0.7896858269459149
19.43,0.7863502513572477,0.7729288547417256
19.44,0.8065819409872639,0.690007305224479
19.45,0.7803718876586888,
19.46,0.7705646435246548,
19.47,0.8823814067890989,
19.48,0.8995868122788773,
19.49,,
19.5,,
19.51,1.1611817585572333,1.3547564356406818
19.52,1.1421750198566847,1.4304144450924796
19.53,1.085293018031263,1.148780475507876
19.54,1.06906691933241,1.2201703291080652
19.55,1.1107992425002857,1.4273423951897874
19.56,1.0665496765569369,1.228153634630078
19.57,1.0492499024161541,1.1421337259758597
19.58,1.0643923054724227,1.2287255241052057
19.59,1.0662273750750781,1.2003762981753865
19.6,1.0126338210899726,0.8725864021065582
19.61,1.019995489314299,0.9568360225760083
19.62,1.0466478953226916,1.2018721178166936
19.63,1.0400559962064297,1.2680099966091878
19.64,0.9974211812309822,0.9986380960600836
19.65,0.9884805065772528,0.9497242208846921
19.66,0.9989864678891471,1.125445125798206
19.67,1.0046815983637551,1.1988504307653027
19.68,1.0039111204597067,1.162583520999623
19.69,0.9755796140393715,0.860774407262058
19.7,0.9694401817468951,0.7061163420666959
19.71,0.9489247987279198,0.709983724276621
19.72,0.9319094710583903,0.7668170156432206
19.73,0.8975992022229357,0.5874154122928787
19.74,0.9068355406111743,0.5651743973998972
19.75,0.8949880216217444,0.5268433113667357
19.76,0.8888912912275313,0.577839274801215
19.77,0.8827587181838136,0.5793521048730588
19.78,0.8899907555318797,0.5259691042612284
19.79,0.8835081097804652,0.5714105157282803
19.8,0.8756393349137689,0.511672354659206
19.81,0.8782610121165241,0.5055227022636903
19.82,0.8893552301417571,0.5602416580332156
19.83,0.8835492257267512,0.514970799138931
19.84,0.8898789174576095,0.5663715492452809
19.85,0.8935504410790374,0.6281627933309994
19.86,0.8895564603303998,0.7006758392649344
19.87,0.8876659298759044,0.739061780797112
19.88,0.8829930784533049,0.6823036268680237
19.89,0.8820908123732005,0.6513018760425298
19.9,0.8780067774132255,0.6369719536600139
19.91,0.8863472740713665,0.6760716526669117
19.92,0.8892666280112133,0.707548189740252
19.93,0.8930485981204613,0.7726895054771818
19.94,0.8914491289948128,0.7915514963492196
19.95,0.8969556408313115,0.8294151544395557
19.96,0.9092942256237249,0.9103355436658794
19.97,0.9149271120194234,0.9879661050060293
19.98,0.9247255774837099,1.0312267461084799
19.99,0.9171170960942508,0.9600226192541977
20.0,0.9220554085387804,0.885370667443898
20.01,0.908230793714137,0.7845696555750186
20.02,0.9047325000738364,0.7076935856532414
20.03,0.9061440692981599,0.641165181773736
20.04,0.9040593610536558,0.6020086313382264
20.05,0.9132351309732424,0.6190184706956947
20.06,0.9142448334497144,0.7018891891712339
20.07,0.9174301090193685,0.7485704078036614
20.08,0.9268787738377807,0.8867000480755811
20.09,0.9715667905400251,1.160767610868299
20.1,1.1004488263679983,1.5175760502206845
20.11,1.2230725640739062,1.7145167467004212
20.12,1.2722411623792285,1.8367865033526838
20.13,1.3041047643108346,1.8530991009328455
20.14,1.3086695204374619,1.8856639494738774
20.15,1.2807574516784417,1.785509057865197
20.16,1.2700737112001812,1.7078279053793874
20.17,1.2619526241648813,1.6405734537526901
20.18,1.2436732175806489,1.5593788227804712
20.19,1.2353393671217585,1.5274630838437218
20.2,1.1902360012457176,1.6075490743521348
20.21,1.1925366105746507,1.5857034352516277
20.22,1.2383609482504345,1.5719785574250587
20.23,1.3228731117917691,1.666979836573565
20.24,,
20.25,,
20.26,,
20.27,,
20.28,,
20.29,,
20.3,,
20.31,,
20.32,1.4218687385220878,3.4716516103741055
20.33,1.3555095785143778,3.001773448460216
20.34,1.2411475520856503,2.9698692331664196
20.35,1.1424332401830413,2.466820121928267
20.36,1.0294515205477948,1.637666812373484
20.37,1.0107871984081285,1.369671606110348
20.38,1.0000822778481329,1.215171838310142
20.39,1.006246310532184,1.1116815875773565
20.4,1.0056556662185538,1.0449714366351461
20.41,1.0233856343510774,0.9586166860931045
20.42,1.044530975945986,0.9559234734962637
20.43,1.042691393576183,0.9258853516866229
20.44,1.0290259085578983,0.8319028520194094
20.45,1.0141689505587794,0.7964726011185832
20.46,1.0113088395819254,0.8694501102227231
20.47,1.0122451798274403,0.83333968409947
20.48,0.9953880130022215,0.7569126823806124
20.49,0.9974705927543781,0.7051170926960822
20.5,0.9884941225137303,0.6829928572558662
20.51,0.9868886936943251,0.6566470159765752
20.52,0.977416812088034,0.5638660882363828
20.53,0.9612482297386173,0.5830396369360099
20.54,0.9524672921350867,0.5613694414067755
20.55,0.9365421301216101,0.5085108145548451
20.56,0.9510061700435424,0.5551233145895618
20.57,0.962535455951707,0.4662441232477227
20.58,0.9781201450879426,0.5757867415686403
20.59,0.9861295718030537,0.4673905818951896
20.6,0.9963642769593776,0.4242471213238756
20.61,0.9920928216838854,0.5088413418388269
20.62,0.9806944619135294,0.6782133939031119
20.63,0.9795809270354192,0.7121287901220439
20.64,0.9633253451068963,0.8039018907982103
20.65,0.9571580361424493,0.8976572909163569
20.66,0.9481021455081274,0.8393588790582605
20.67,0.954408443073641,0.8605893431190265
20.68,0.9629870075794263,0.8552575541191816
20.69,0.9586750398113444,0.7845437862584264
20.7,0.9592830995663846,0.7358715987247966
20.71,0.9677205534835394,0.6564628411197302
20.72,0.9826449510893367,0.5339796891777939
20.73,0.9770822869403418,0.5815159797370113
20.74,0.9764155693225353,0.610717241150725
20.75,0.9614274324930949,0.7983117366750989
20.76,0.9538140023065699,0.9435210848997844
20.77,0.9520476520884719,1.2888530557105722
20.78,0.942345026460039,1.362468288042837
20.79,0.9535402391717764,1.317362492892793
20.8,0.9665192346043668,1.314415547478783
20.81,0.9580214151066699,1.2796701615393338
20.82,0.9600804428113628,1.3237721286731248
20.83,0.9621329494708235,1.339440081741733
20.84,0.9476749635901237,1.4374936894403352
20.85,0.9629070350307889,1.3135892851433786
20.86,0.9605138244232468,1.2699689543391026
20.87,0.9581490568742939,1.1790468473472016
20.88,0.9690240418478242,1.137548689596069
20.89,0.9719355651709949,1.1182607251111913
20.9,0.979233352879503,1.0527058540796979
20.91,1.0042916205571881,0.9876711275795272
20.92,1.0115914096062146,0.9658755291850829
20.93,1.0228873642021812,0.8857259074448334
20.94,1.0100683152302956,0.8709347795712203
20.95,1.006002885363533,0.9487341303846569
20.96,0.9892649746994346,1.0735718488645671
20.97,0.9846344383248027,1.076174157206424
20.98,0.9883290901868637,1.0618347757808835
20.99,1.0044044354085129,1.064893619862243
21.0,0.9969517417110995,1.040255030847698
21.01,1.02210803046026,1.0840736527332195
21.02,1.0260559400817286,1.0291196021927258
21.03,1.025125095684266,0.968588319084077
21.04,1.026880353457274,0.9420901471946782
21.05,1.0287884749596243,0.9683659202581288
21.06,1.0243902743460795,0.94592603321558
21.07,1.019204611135623,0.9663508064080818
21.08,1.013696743198853,1.053708108493151
21.09,1.0132291382152483,1.0782681193033488
21.1,1.0172271286077654,1.1583522952458678
21.11,1.0436773315071661,1.0528334842883549
21.12,1.0262461213977814,1.0297396482918209
21.13,1.023628234760439,1.003028808577747
21.14,1.03849053711352,1.0010248925762586
21.15,1.056971551438081,1.0105952946421024
21.16,,
21.17,,
21.18,,
21.19,,
21.2,,
21.21,,
21.22,,
21.23,,
21.24,,
21.25,,
21.26,,
21.27,,
21.28,,
21.29,,
21.3,,
21.31,,
21.32,,
21.33,0.9859922776637247,
21.34,0.9704462900918991,0.6336640073059835
21.35,0.9673616231513855,0.6223615934677833
21.36,0.9481554920491899,0.6638162835605567
21.37,0.9271983264015294,0.6953467572866493
21.38,0.9166665203659017,0.8136248995204979
21.39,0.9177175006563599,0.885510033299135
21.4,0.9271475882366519,0.8749013980129255
21.41,0.9437914295583757,0.9072814782737302
21.42,0.9488510082668347,0.8981120310037003
21.43,0.9694477030989644,0.925096324808979
21.44,0.9742959718940033,0.9610786020261717
21.45,0.9802412484466494,0.9795337738715568
21.46,1.000528953380628,1.0121319977640788
21.47,1.001084774719669,1.0483124894712688
21.48,1.0133654868212851,1.1955490571364058
21.49,1.0372953444194728,1.149665315956863
21.5,1.0512870602335334,1.059488270036487
21.51,1.065867437019336,1.01839473386099
21.52,1.0756681486432866,0.9558520822719339
21.53,1.0831708234211825,1.0822700672417498
21.54,1.0672828339216998,1.0507367367413265
21.55,1.0592413731733696,1.0915855981727218
21.56,1.0452137167901565,1.128305013569894
21.57,1.0336010496969723,1.313930880852574
21.58,1.0343734845732075,1.39833486857523
21.59,1.0202539497686631,1.3568214001524839
21.6,1.0070364410938264,1.3356494327250843
21.61,1.0080412208227474,1.3963786272728322
21.62,1.008002777322008,1.4085369616182886
21.63,0.9995138091336927,1.466000737465122
21.64,1.0087845597532448,1.4658119661712243
21.65,1.0061794019230683,1.4196030803705753
21.66,1.0134963524105938,1.3848081549659383
21.67,1.0156084029132446,1.2638394015704755
21.68,1.0181452220041813,1.1752610777577526
21.69,1.023094779181229,1.0747142344725176
21.7,1.0334011255396671,1.0333452668250924
21.71,1.0607448283555143,0.9348598283205363
21.72,1.0483499949570816,0.9486843090760545
21.73,1.0438353107270073,0.972495161620626
21.74,1.0390126587080033,0.9965356931324882
21.75,1.0362873265208696,0.9162733339618355
21.76,1.0420027644277146,0.9235371695371033
21.77,1.0476930446466541,0.9233403007848137
21.78,1.0506110889009117,0.9910773653680303
21.79,1.0386303770483605,1.00987535214366
21.8,1.0440228814624053,1.0008599805437624
21.81,1.0371657036281454,0.9192886925880777
21.82,1.0340500018518304,0.9232893033514928
21.83,1.024966353213275,0.9342100976557025
21.84,1.0128503360381103,0.8963471954001752
21.85,1.0298045187673317,0.8431084582084495
21.86,1.0444196029266037,0.8292218687256115
21.87,1.0384560508701888,0.8337015019717434
21.88,1.0250021942802918,0.8365388537087057
21.89,1.0122391626175424,0.8877044643357938
21.9,0.9790992271694446,0.9416010887027851
21.91,0.9738789300123247,1.0403759696946433
21.92,0.9660811477614013,1.041225335779337
21.93,0.9728719748292706,1.0241871200138446
21.94,0.9587729939903321,1.0149472445355536
21.95,0.9575998329589905,0.9718732973986213
21.96,0.9585085076223967,0.9730081605868273
21.97,0.9491974361705531,0.9268222732320163
21.98,0.9581706556739314,0.9282164338194059
21.99,0.9469737116889203,0.9240142027934989
22.0,0.9481008735149178,0.8986936641396391
22.01,0.9374442532892665,0.8955496797868981
22.02,0.9213549343574227,0.8805088212726802
22.03,0.932770510059439,0.8736567865178831
22.04,0.9395146475275359,0.8425333718460118
22.05,0.9619570138297924,0.8333045000696722
22.06,1.005529914095374,0.872619164352541
22.07,1.0151185658558834,0.8200175680979368
22.08,1.0496783688538531,0.7827442420705596
22.09,,
22.1,,
22.11,,
22.12,,
22.13,,
22.14,,
22.15,,
22.16,,
22.17,,
22.18,,
22.19,,
22.2,,
22.21,,
22.22,1.266303452940867,1.1057262584945542
22.23,1.2475297932590528,1.1176850245300982
22.24,1.2398367074963959,1.1420465110021913
22.25,1.1957394893656705,1.1465750016963223
22.26,1.0368427950939068,0.9878560806247123
22.27,0.9634425740979513,0.9547467268979505
22.28,0.9797108638700199,0.9837724330574861
22.29,0.995894688764723,1.036243578569186
22.3,0.9892273580428573,1.0381660480088433
22.31,1.1908978004340145,1.1272205592361229
22.32,1.3480263016128053,1.1937500042042493
22.33,1.3314385760440062,1.2181628839329484
22.34,1.3089437436960405,1.2198248063951314
22.35,1.3012157242070375,1.1785191016399126
22.36,1.1959131000950476,1.0477053878169804
22.37,1.0709185634175407,1.0088606736438204
22.38,0.9841069082445622,0.9822521694027913
22.39,0.9614252427215795,0.9865515569129396
22.4,0.9809374608441264,0.9855827355895589
22.41,1.0213808247972906,1.003579306567387
22.42,1.0885660560715926,1.0257077049775198
22.43,1.058618861800204,1.0517138396765753
22.44,1.0403856166870256,1.0080974135887337
22.45,1.025437023113503,0.979407302662457
22.46,0.9605971596585824,0.967466082349962
22.47,0.9299876174435117,0.9409490371140613
22.48,0.9091053747467711,0.9062634122420429
22.49,0.8964484755282954,0.9084634406210406
22.5,0.8981867531130382,0.9228765077673589
22.51,0.9288809870184392,0.9314582109688477
22.52,0.9422372206324161,0.9585316510665949
22.53,0.9831052388157526,0.9927324605724807
22.54,0.9663904269026281,1.0038938279924958
22.55,0.9613165049538642,1.029819937930361
22.56,0.9872315117977075,1.0248328733091439
22.57,0.9646612502276923,0.9926989533207494
22.58,0.9512658052259936,0.9854011680125746
22.59,0.949762543810117,0.9677533014724135
22.6,0.9471471622591372,0.9626212565268697
22.61,0.95141155872317,0.9781596531971464
22.62,0.9758545846420448,1.018401059193974
22.63,0.9794020768719721,1.022090974238645
22.64,0.9824487859844571,1.021075596080191
22.65,0.9809601458538607,1.0192021355516354
22.66,0.9668102023718966,1.0265433499365106
22.67,0.964911055346477,1.009809329040595
22.68,0.9628930542191624,0.9919040992427209
22.69,0.9612491021163332,1.0054873350896492
22.7,0.9617767048322358,0.9964161639351452
22.71,0.957559220801833,1.0255104128713297
22.72,0.9720726276083989,1.0126919404989219
22.73,0.9866792450713339,1.025049772078376
22.74,0.9894714416281687,1.053027836197185
22.75,0.9891930684727376,1.0612335499252703
22.76,0.9802711405342432,1.0565635051939657
22.77,0.9633410307356643,1.0285934421992373
22.78,0.9567893771856588,1.0096044756134248
22.79,0.9203447437003328,0.9962825896488603
22.8,0.8993936599863855,0.9599585131013663
22.81,0.9046136291111005,0.9527654711632676
22.82,0.897922143323908,0.950113915544282
22.83,0.897478590964731,0.9327443145413538
22.84,0.8859697648885781,0.9567242616406837
22.85,0.8960234661359668,0.975223122510007
22.86,0.9274040332092907,1.0060103949595112
22.87,0.912572456153443,0.9731880357568833
22.88,0.95774841030906,1.0062208115677653
22.89,0.9975135954087269,1.0096684531188145
22.9,1.0177826560239722,1.0354185178658197
22.91,1.0348433817266174,1.0085947571599276
22.92,1.0509548049112356,1.006271851227309
22.93,1.05148114486636,1.0100145259867759
22.94,1.0568094983950316,0.9850582256310416
22.95,1.0540724738690455,0.9860448970309333
22.96,1.0420026391437556,0.9432998709673291
22.97,1.022918436819436,0.9388791207427418
22.98,0.9804494594297005,0.9168451241504438
22.99,0.9551710175982538,0.8877874951509773
23.0,0.9486587184217092,0.8992458667650141
23.01,0.9381755579867131,0.909470244440287
23.02,0.9166038988908729,0.9061093714052653
23.03,0.9014062067183586,0.8762201607965905
23.04,0.885086519770171,0.8746303062356294
23.05,0.878314486183372,0.8934530377630321
